Timestamp,Traded Instrument,Traded Side,Traded Price,Traded Volume
00:58:06,ESX-FUTURE,ASK,3110.0,358
00:58:06,SP-FUTURE,BID,3140.0,289
00:58:07,ESX-FUTURE,ASK,3110.0,285
00:58:07,ESX-FUTURE,BID,3110.0,188
00:58:08,SP-FUTURE,ASK,3140.0,910
00:58:08,ESX-FUTURE,ASK,3110.0,5
00:58:08,SP-FUTURE,BID,3140.0,321
00:58:09,ESX-FUTURE,BID,3110.0,678
00:58:09,ESX-FUTURE,ASK,3110.0,388
00:58:10,SP-FUTURE,BID,3140.0,32
00:58:10,ESX-FUTURE,ASK,3110.0,1117
00:58:12,SP-FUTURE,ASK,3141.0,218
00:58:12,ESX-FUTURE,ASK,3110.0,230
00:58:13,ESX-FUTURE,BID,3110.0,253
00:58:13,SP-FUTURE,ASK,3141.0,577
00:58:14,SP-FUTURE,ASK,3141.0,1187
00:58:15,SP-FUTURE,BID,3140.0,631
00:58:15,ESX-FUTURE,ASK,3111.0,267
00:58:16,ESX-FUTURE,BID,3111.0,347
00:58:16,SP-FUTURE,BID,3140.0,270
00:58:17,ESX-FUTURE,BID,3111.0,376
00:58:17,SP-FUTURE,BID,3140.0,852
00:58:18,ESX-FUTURE,ASK,3111.0,722
00:58:18,SP-FUTURE,ASK,3141.0,457
00:58:18,SP-FUTURE,ASK,3141.0,525
00:58:19,ESX-FUTURE,ASK,3111.0,621
00:58:19,ESX-FUTURE,ASK,3111.0,681
00:58:19,ESX-FUTURE,ASK,3111.0,1360
00:58:19,SP-FUTURE,ASK,3143.0,261
00:58:20,ESX-FUTURE,BID,3111.0,773
00:58:20,SP-FUTURE,ASK,3143.0,534
00:58:21,ESX-FUTURE,ASK,3112.0,2158
00:58:21,ESX-FUTURE,BID,3112.0,38
00:58:22,SP-FUTURE,BID,3143.0,40
00:58:23,SP-FUTURE,ASK,3143.0,756
00:58:23,ESX-FUTURE,BID,3112.0,75
00:58:24,ESX-FUTURE,BID,3112.0,334
00:58:24,SP-FUTURE,ASK,3143.0,385
00:58:24,ESX-FUTURE,BID,3112.0,909
00:58:25,SP-FUTURE,ASK,3142.0,13
00:58:26,ESX-FUTURE,ASK,3112.0,77
00:58:26,ESX-FUTURE,ASK,3112.0,681
00:58:27,ESX-FUTURE,BID,3112.0,864
00:58:27,SP-FUTURE,BID,3142.0,908
00:58:28,SP-FUTURE,BID,3142.0,397
00:58:28,ESX-FUTURE,ASK,3112.0,441
00:58:28,ESX-FUTURE,ASK,3112.0,516
00:58:29,SP-FUTURE,BID,3142.0,1228
00:58:29,ESX-FUTURE,BID,3111.0,511
00:58:30,SP-FUTURE,ASK,3142.0,3
00:58:31,ESX-FUTURE,BID,3111.0,71
00:58:31,SP-FUTURE,BID,3142.0,874
00:58:31,SP-FUTURE,BID,3142.0,326
00:58:32,ESX-FUTURE,ASK,3111.0,31
00:58:32,SP-FUTURE,ASK,3142.0,41
00:58:33,SP-FUTURE,BID,3142.0,2122
00:58:34,ESX-FUTURE,BID,3110.0,48
00:58:34,SP-FUTURE,ASK,3142.0,152
00:58:34,ESX-FUTURE,ASK,3110.0,1331
00:58:36,SP-FUTURE,BID,3142.0,221
00:58:36,ESX-FUTURE,BID,3110.0,902
00:58:37,ESX-FUTURE,BID,3110.0,1289
00:58:37,SP-FUTURE,BID,3142.0,262
00:58:38,ESX-FUTURE,ASK,3110.0,414
00:58:39,SP-FUTURE,BID,3142.0,337
00:58:39,ESX-FUTURE,ASK,3110.0,206
00:58:40,SP-FUTURE,ASK,3143.0,708
00:58:40,ESX-FUTURE,ASK,3110.0,744
00:58:41,SP-FUTURE,BID,3142.0,1040
00:58:41,ESX-FUTURE,ASK,3110.0,610
00:58:41,SP-FUTURE,ASK,3143.0,1515
00:58:42,ESX-FUTURE,ASK,3110.0,184
00:58:43,SP-FUTURE,BID,3143.0,317
00:58:43,ESX-FUTURE,ASK,3110.0,325
00:58:44,ESX-FUTURE,ASK,3110.0,747
00:58:44,SP-FUTURE,BID,3143.0,239
00:58:44,ESX-FUTURE,BID,3109.0,23
00:58:45,ESX-FUTURE,ASK,3110.0,49
00:58:45,ESX-FUTURE,BID,3109.0,584
00:58:46,SP-FUTURE,ASK,3143.0,19
00:58:46,ESX-FUTURE,ASK,3110.0,676
00:58:46,SP-FUTURE,BID,3143.0,788
00:58:47,ESX-FUTURE,ASK,3110.0,1598
00:58:48,SP-FUTURE,ASK,3144.0,28
00:58:48,ESX-FUTURE,ASK,3110.0,94
00:58:49,ESX-FUTURE,BID,3109.0,63
00:58:49,SP-FUTURE,ASK,3144.0,55
00:58:49,SP-FUTURE,ASK,3144.0,14
00:58:50,ESX-FUTURE,BID,3109.0,239
00:58:50,ESX-FUTURE,BID,3109.0,630
00:58:51,SP-FUTURE,BID,3143.0,845
00:58:52,SP-FUTURE,BID,3143.0,1427
00:58:53,ESX-FUTURE,BID,3109.0,251
00:58:53,SP-FUTURE,BID,3143.0,90
00:58:54,ESX-FUTURE,ASK,3109.0,483
00:58:54,SP-FUTURE,ASK,3143.0,158
00:58:54,ESX-FUTURE,BID,3109.0,555
00:58:54,ESX-FUTURE,ASK,3109.0,247
00:58:54,SP-FUTURE,ASK,3143.0,520
00:58:55,ESX-FUTURE,BID,3109.0,276
00:58:55,SP-FUTURE,BID,3143.0,99
00:58:56,SP-FUTURE,ASK,3143.0,171
00:58:57,ESX-FUTURE,BID,3109.0,140
00:58:57,SP-FUTURE,ASK,3143.0,30
00:58:58,ESX-FUTURE,ASK,3109.0,78
00:58:58,SP-FUTURE,ASK,3143.0,980
00:58:59,ESX-FUTURE,ASK,3109.0,7
00:58:59,SP-FUTURE,BID,3143.0,26
00:59:00,SP-FUTURE,BID,3143.0,43
00:59:00,SP-FUTURE,ASK,3143.0,1911
00:59:00,ESX-FUTURE,ASK,3110.0,4
00:59:01,SP-FUTURE,BID,3143.0,41
00:59:02,ESX-FUTURE,BID,3109.0,1093
00:59:02,SP-FUTURE,ASK,3142.0,950
00:59:03,ESX-FUTURE,BID,3110.0,1443
00:59:04,SP-FUTURE,BID,3141.0,309
00:59:05,SP-FUTURE,BID,3141.0,245
00:59:05,ESX-FUTURE,ASK,3110.0,29
00:59:05,ESX-FUTURE,BID,3109.0,75
00:59:05,SP-FUTURE,BID,3141.0,191
00:59:06,SP-FUTURE,BID,3141.0,65
00:59:06,SP-FUTURE,BID,3141.0,1516
00:59:07,ESX-FUTURE,BID,3108.0,55
00:59:08,SP-FUTURE,ASK,3141.0,634
00:59:08,ESX-FUTURE,BID,3108.0,98
00:59:08,SP-FUTURE,BID,3141.0,765
00:59:09,ESX-FUTURE,ASK,3108.0,211
00:59:09,SP-FUTURE,ASK,3141.0,548
00:59:09,ESX-FUTURE,BID,3108.0,209
00:59:10,SP-FUTURE,BID,3141.0,28
00:59:11,SP-FUTURE,BID,3141.0,214
00:59:11,ESX-FUTURE,ASK,3108.0,1062
00:59:12,ESX-FUTURE,ASK,3108.0,1969
00:59:13,SP-FUTURE,ASK,3141.0,190
00:59:13,ESX-FUTURE,BID,3108.0,518
00:59:14,SP-FUTURE,BID,3141.0,383
00:59:14,ESX-FUTURE,ASK,3108.0,52
00:59:15,ESX-FUTURE,BID,3108.0,2616
00:59:15,SP-FUTURE,BID,3138.0,127
00:59:16,ESX-FUTURE,BID,3108.0,1629
00:59:16,SP-FUTURE,ASK,3137.0,219
00:59:16,ESX-FUTURE,BID,3108.0,65
00:59:17,SP-FUTURE,BID,3137.0,30
00:59:17,SP-FUTURE,BID,3137.0,316
00:59:17,ESX-FUTURE,BID,3108.0,259
00:59:17,SP-FUTURE,BID,3137.0,368
00:59:17,ESX-FUTURE,BID,3108.0,235
00:59:18,ESX-FUTURE,ASK,3108.0,48
00:59:19,SP-FUTURE,ASK,3137.0,343
00:59:19,ESX-FUTURE,ASK,3108.0,270
00:59:20,SP-FUTURE,ASK,3137.0,118
00:59:21,SP-FUTURE,ASK,3137.0,367
00:59:21,ESX-FUTURE,ASK,3108.0,407
00:59:22,SP-FUTURE,ASK,3138.0,417
00:59:23,ESX-FUTURE,BID,3108.0,503
00:59:24,SP-FUTURE,ASK,3137.0,339
00:59:24,ESX-FUTURE,ASK,3109.0,1350
00:59:24,SP-FUTURE,ASK,3138.0,27
00:59:25,ESX-FUTURE,BID,3108.0,22
00:59:25,SP-FUTURE,BID,3137.0,840
00:59:25,ESX-FUTURE,ASK,3108.0,31
00:59:26,ESX-FUTURE,ASK,3108.0,128
00:59:26,SP-FUTURE,BID,3138.0,26
00:59:27,ESX-FUTURE,ASK,3108.0,384
00:59:27,SP-FUTURE,ASK,3138.0,419
00:59:28,ESX-FUTURE,ASK,3108.0,85
00:59:28,ESX-FUTURE,ASK,3108.0,44
00:59:29,SP-FUTURE,ASK,3138.0,255
00:59:29,SP-FUTURE,ASK,3138.0,619
00:59:30,ESX-FUTURE,ASK,3109.0,59
00:59:30,SP-FUTURE,ASK,3138.0,409
00:59:31,SP-FUTURE,BID,3138.0,125
00:59:32,ESX-FUTURE,ASK,3109.0,89
00:59:33,SP-FUTURE,BID,3138.0,369
00:59:33,ESX-FUTURE,ASK,3109.0,235
00:59:33,SP-FUTURE,BID,3138.0,207
00:59:34,ESX-FUTURE,ASK,3109.0,357
00:59:35,ESX-FUTURE,BID,3109.0,66
00:59:35,SP-FUTURE,ASK,3138.0,982
00:59:35,ESX-FUTURE,BID,3109.0,231
00:59:36,ESX-FUTURE,BID,3109.0,374
00:59:37,SP-FUTURE,BID,3138.0,692
00:59:37,ESX-FUTURE,BID,3109.0,998
00:59:38,SP-FUTURE,ASK,3137.0,36
00:59:39,SP-FUTURE,BID,3137.0,1553
00:59:39,SP-FUTURE,ASK,3137.0,36
00:59:40,ESX-FUTURE,ASK,3109.0,78
00:59:40,SP-FUTURE,BID,3137.0,15
00:59:41,ESX-FUTURE,BID,3109.0,1052
00:59:41,SP-FUTURE,ASK,3137.0,419
00:59:42,SP-FUTURE,BID,3137.0,446
00:59:42,ESX-FUTURE,ASK,3109.0,382
00:59:43,SP-FUTURE,BID,3137.0,113
00:59:43,ESX-FUTURE,BID,3109.0,91
00:59:43,SP-FUTURE,BID,3137.0,167
00:59:44,ESX-FUTURE,BID,3109.0,142
00:59:45,SP-FUTURE,ASK,3137.0,7
00:59:45,ESX-FUTURE,BID,3109.0,331
00:59:45,ESX-FUTURE,ASK,3109.0,976
00:59:46,ESX-FUTURE,ASK,3109.0,619
00:59:47,SP-FUTURE,BID,3137.0,337
00:59:48,ESX-FUTURE,ASK,3109.0,64
00:59:49,SP-FUTURE,BID,3137.0,885
00:59:49,ESX-FUTURE,ASK,3109.0,599
00:59:49,SP-FUTURE,ASK,3137.0,4
00:59:50,ESX-FUTURE,ASK,3109.0,1386
00:59:51,SP-FUTURE,ASK,3138.0,274
00:59:52,ESX-FUTURE,BID,3108.0,14
00:59:52,ESX-FUTURE,BID,3108.0,646
00:59:53,SP-FUTURE,ASK,3138.0,356
00:59:54,ESX-FUTURE,ASK,3109.0,39
00:59:54,SP-FUTURE,ASK,3138.0,1552
00:59:55,ESX-FUTURE,ASK,3110.0,270
00:59:55,SP-FUTURE,ASK,3138.0,397
00:59:56,ESX-FUTURE,BID,3109.0,1705
00:59:57,SP-FUTURE,ASK,3137.0,207
00:59:57,ESX-FUTURE,BID,3110.0,144
00:59:58,SP-FUTURE,BID,3137.0,584
00:59:58,ESX-FUTURE,ASK,3110.0,565
00:59:59,SP-FUTURE,BID,3137.0,33
01:00:00,SP-FUTURE,ASK,3137.0,74
01:00:00,SP-FUTURE,BID,3137.0,13
01:00:00,ESX-FUTURE,BID,3109.0,140
01:00:01,ESX-FUTURE,BID,3109.0,27
01:00:02,SP-FUTURE,ASK,3137.0,207
01:00:02,ESX-FUTURE,ASK,3110.0,552
01:00:03,ESX-FUTURE,ASK,3110.0,1373
01:00:03,SP-FUTURE,BID,3139.0,146
01:00:04,SP-FUTURE,BID,3139.0,225
01:00:05,ESX-FUTURE,BID,3109.0,3
01:00:05,SP-FUTURE,BID,3139.0,70
01:00:07,ESX-FUTURE,ASK,3109.0,13
01:00:07,SP-FUTURE,BID,3139.0,86
01:00:07,SP-FUTURE,ASK,3139.0,187
01:00:08,SP-FUTURE,ASK,3139.0,472
01:00:08,ESX-FUTURE,BID,3109.0,629
01:00:09,SP-FUTURE,ASK,3138.0,554
01:00:10,ESX-FUTURE,ASK,3110.0,367
01:00:10,SP-FUTURE,BID,3138.0,545
01:00:11,SP-FUTURE,BID,3138.0,1837
01:00:11,ESX-FUTURE,BID,3109.0,275
01:00:12,ESX-FUTURE,ASK,3109.0,1879
01:00:13,ESX-FUTURE,ASK,3109.0,716
01:00:13,SP-FUTURE,BID,3141.0,78
01:00:14,ESX-FUTURE,ASK,3109.0,598
01:00:14,SP-FUTURE,BID,3141.0,1133
01:00:15,ESX-FUTURE,ASK,3109.0,1009
01:00:16,SP-FUTURE,BID,3141.0,265
01:00:16,ESX-FUTURE,ASK,3109.0,108
01:00:17,ESX-FUTURE,ASK,3109.0,181
01:00:17,SP-FUTURE,ASK,3141.0,77
01:00:17,ESX-FUTURE,ASK,3109.0,121
01:00:18,SP-FUTURE,ASK,3141.0,61
01:00:18,ESX-FUTURE,BID,3108.0,1059
01:00:19,SP-FUTURE,BID,3141.0,1107
01:00:19,ESX-FUTURE,ASK,3108.0,305
01:00:20,SP-FUTURE,ASK,3141.0,901
01:00:21,ESX-FUTURE,ASK,3109.0,241
01:00:22,ESX-FUTURE,ASK,3109.0,984
01:00:22,SP-FUTURE,BID,3142.0,676
01:00:24,ESX-FUTURE,ASK,3108.0,20
01:00:24,SP-FUTURE,ASK,3142.0,169
01:00:25,SP-FUTURE,ASK,3142.0,844
01:00:25,ESX-FUTURE,BID,3109.0,169
01:00:25,ESX-FUTURE,ASK,3109.0,208
01:00:26,SP-FUTURE,BID,3142.0,1731
01:00:26,ESX-FUTURE,BID,3107.0,2151
01:00:26,SP-FUTURE,BID,3142.0,110
01:00:26,ESX-FUTURE,ASK,3107.0,216
01:00:27,ESX-FUTURE,ASK,3107.0,568
01:00:28,SP-FUTURE,BID,3140.0,391
01:00:28,SP-FUTURE,ASK,3140.0,1307
01:00:28,ESX-FUTURE,ASK,3109.0,1156
01:00:28,SP-FUTURE,ASK,3141.0,1539
01:00:29,ESX-FUTURE,BID,3110.0,480
01:00:29,SP-FUTURE,BID,3141.0,1761
01:00:30,SP-FUTURE,ASK,3141.0,998
01:00:30,ESX-FUTURE,BID,3109.0,1370
01:00:31,SP-FUTURE,ASK,3140.0,842
01:00:32,SP-FUTURE,BID,3140.0,294
01:00:32,ESX-FUTURE,ASK,3109.0,323
01:00:32,ESX-FUTURE,ASK,3109.0,104
01:00:32,SP-FUTURE,ASK,3140.0,741
01:00:33,ESX-FUTURE,BID,3109.0,1562
01:00:34,SP-FUTURE,BID,3139.0,280
01:00:35,SP-FUTURE,BID,3139.0,593
01:00:35,ESX-FUTURE,ASK,3109.0,459
01:00:35,SP-FUTURE,ASK,3140.0,96
01:00:36,SP-FUTURE,ASK,3140.0,807
01:00:36,ESX-FUTURE,BID,3109.0,81
01:00:37,ESX-FUTURE,ASK,3110.0,23
01:00:37,SP-FUTURE,BID,3139.0,114
01:00:38,ESX-FUTURE,ASK,3109.0,45
01:00:39,SP-FUTURE,ASK,3140.0,737
01:00:39,SP-FUTURE,ASK,3140.0,618
01:00:39,ESX-FUTURE,BID,3110.0,378
01:00:40,SP-FUTURE,BID,3139.0,32
01:00:41,ESX-FUTURE,BID,3110.0,1062
01:00:41,SP-FUTURE,BID,3138.0,1590
01:00:42,ESX-FUTURE,BID,3110.0,1448
01:00:42,SP-FUTURE,BID,3138.0,370
01:00:43,ESX-FUTURE,ASK,3110.0,939
01:00:43,SP-FUTURE,ASK,3139.0,224
01:00:44,ESX-FUTURE,BID,3110.0,282
01:00:44,SP-FUTURE,BID,3139.0,113
01:00:45,ESX-FUTURE,ASK,3110.0,957
01:00:46,SP-FUTURE,BID,3139.0,480
01:00:46,ESX-FUTURE,BID,3110.0,1390
01:00:47,SP-FUTURE,BID,3138.0,724
01:00:47,SP-FUTURE,ASK,3138.0,1383
01:00:48,ESX-FUTURE,ASK,3111.0,369
01:00:48,SP-FUTURE,BID,3138.0,1220
01:00:48,SP-FUTURE,ASK,3138.0,15
01:00:48,ESX-FUTURE,BID,3110.0,1422
01:00:49,SP-FUTURE,BID,3137.0,11
01:00:49,SP-FUTURE,ASK,3137.0,2707
01:00:50,ESX-FUTURE,BID,3111.0,1568
01:00:50,SP-FUTURE,ASK,3135.0,157
01:00:51,SP-FUTURE,ASK,3135.0,44
01:00:51,ESX-FUTURE,BID,3111.0,1394
01:00:52,SP-FUTURE,BID,3134.0,323
01:00:52,ESX-FUTURE,BID,3111.0,40
01:00:53,SP-FUTURE,ASK,3135.0,1283
01:00:53,SP-FUTURE,ASK,3135.0,1476
01:00:53,ESX-FUTURE,BID,3112.0,121
01:00:54,ESX-FUTURE,BID,3112.0,429
01:00:54,ESX-FUTURE,ASK,3112.0,483
01:00:55,SP-FUTURE,BID,3134.0,800
01:00:55,ESX-FUTURE,BID,3111.0,443
01:00:55,SP-FUTURE,BID,3134.0,352
01:00:56,SP-FUTURE,BID,3134.0,2037
01:00:56,ESX-FUTURE,ASK,3109.0,269
01:00:57,SP-FUTURE,BID,3134.0,1528
01:00:57,ESX-FUTURE,ASK,3109.0,64
01:00:58,SP-FUTURE,ASK,3135.0,365
01:00:59,ESX-FUTURE,BID,3109.0,1042
01:00:59,SP-FUTURE,ASK,3134.0,3
01:01:00,SP-FUTURE,BID,3134.0,211
01:01:00,ESX-FUTURE,ASK,3109.0,72
01:01:01,ESX-FUTURE,ASK,3109.0,51
01:01:01,SP-FUTURE,BID,3134.0,19
01:01:02,ESX-FUTURE,ASK,3109.0,127
01:01:02,ESX-FUTURE,BID,3109.0,823
01:01:02,SP-FUTURE,BID,3134.0,266
01:01:03,ESX-FUTURE,BID,3109.0,279
01:01:04,SP-FUTURE,BID,3134.0,5
01:01:04,ESX-FUTURE,BID,3109.0,196
01:01:05,SP-FUTURE,ASK,3134.0,113
01:01:05,ESX-FUTURE,BID,3109.0,332
01:01:06,ESX-FUTURE,BID,3109.0,662
01:01:06,SP-FUTURE,ASK,3134.0,907
01:01:06,SP-FUTURE,BID,3134.0,113
01:01:07,ESX-FUTURE,BID,3109.0,103
01:01:07,SP-FUTURE,BID,3134.0,4
01:01:08,SP-FUTURE,ASK,3134.0,940
01:01:08,ESX-FUTURE,BID,3109.0,331
01:01:09,SP-FUTURE,BID,3133.0,1736
01:01:09,ESX-FUTURE,BID,3107.0,69
01:01:10,SP-FUTURE,ASK,3134.0,112
01:01:11,ESX-FUTURE,BID,3107.0,1074
01:01:11,SP-FUTURE,ASK,3133.0,471
01:01:12,ESX-FUTURE,BID,3108.0,89
01:01:13,ESX-FUTURE,BID,3108.0,70
01:01:13,SP-FUTURE,ASK,3133.0,817
01:01:14,ESX-FUTURE,BID,3108.0,2507
01:01:14,SP-FUTURE,BID,3133.0,10
01:01:15,ESX-FUTURE,ASK,3108.0,1
01:01:16,SP-FUTURE,ASK,3133.0,1611
01:01:16,ESX-FUTURE,ASK,3108.0,454
01:01:17,SP-FUTURE,BID,3133.0,1159
01:01:17,ESX-FUTURE,BID,3108.0,55
01:01:18,SP-FUTURE,ASK,3133.0,124
01:01:19,ESX-FUTURE,BID,3108.0,197
01:01:19,SP-FUTURE,BID,3133.0,1
01:01:20,SP-FUTURE,ASK,3133.0,610
01:01:20,ESX-FUTURE,BID,3108.0,46
01:01:21,SP-FUTURE,BID,3133.0,272
01:01:21,SP-FUTURE,BID,3133.0,404
01:01:21,ESX-FUTURE,ASK,3108.0,78
01:01:21,SP-FUTURE,ASK,3133.0,1424
01:01:22,ESX-FUTURE,BID,3109.0,432
01:01:22,SP-FUTURE,BID,3133.0,47
01:01:23,ESX-FUTURE,ASK,3109.0,133
01:01:23,SP-FUTURE,BID,3133.0,601
01:01:24,ESX-FUTURE,ASK,3109.0,433
01:01:24,SP-FUTURE,BID,3133.0,276
01:01:26,ESX-FUTURE,BID,3108.0,192
01:01:26,SP-FUTURE,ASK,3133.0,1308
01:01:27,SP-FUTURE,BID,3133.0,990
01:01:27,ESX-FUTURE,BID,3108.0,754
01:01:28,SP-FUTURE,BID,3132.0,2169
01:01:28,ESX-FUTURE,BID,3108.0,2016
01:01:29,SP-FUTURE,BID,3131.0,185
01:01:30,ESX-FUTURE,BID,3108.0,1325
01:01:30,SP-FUTURE,ASK,3131.0,235
01:01:30,ESX-FUTURE,ASK,3108.0,53
01:01:31,SP-FUTURE,ASK,3131.0,89
01:01:31,SP-FUTURE,BID,3130.0,44
01:01:31,ESX-FUTURE,BID,3108.0,1698
01:01:32,SP-FUTURE,ASK,3131.0,857
01:01:33,ESX-FUTURE,BID,3108.0,80
01:01:34,SP-FUTURE,ASK,3131.0,923
01:01:34,ESX-FUTURE,ASK,3109.0,620
01:01:35,ESX-FUTURE,BID,3109.0,932
01:01:35,SP-FUTURE,ASK,3131.0,1035
01:01:37,SP-FUTURE,BID,3130.0,329
01:01:37,ESX-FUTURE,ASK,3109.0,277
01:01:38,ESX-FUTURE,BID,3109.0,194
01:01:38,SP-FUTURE,BID,3130.0,1007
01:01:39,ESX-FUTURE,ASK,3109.0,15
01:01:39,SP-FUTURE,ASK,3130.0,27
01:01:39,ESX-FUTURE,BID,3109.0,654
01:01:40,SP-FUTURE,ASK,3130.0,6
01:01:41,SP-FUTURE,BID,3130.0,175
01:01:41,ESX-FUTURE,BID,3109.0,60
01:01:41,ESX-FUTURE,BID,3109.0,404
01:01:42,SP-FUTURE,BID,3130.0,1093
01:01:43,ESX-FUTURE,BID,3108.0,165
01:01:43,SP-FUTURE,ASK,3130.0,807
01:01:44,ESX-FUTURE,BID,3109.0,406
01:01:44,SP-FUTURE,BID,3130.0,581
01:01:45,SP-FUTURE,ASK,3130.0,278
01:01:45,ESX-FUTURE,BID,3109.0,614
01:01:46,SP-FUTURE,ASK,3130.0,93
01:01:46,SP-FUTURE,BID,3130.0,1191
01:01:46,ESX-FUTURE,BID,3109.0,133
01:01:47,SP-FUTURE,ASK,3130.0,141
01:01:48,ESX-FUTURE,BID,3109.0,530
01:01:49,SP-FUTURE,ASK,3130.0,555
01:01:49,ESX-FUTURE,ASK,3109.0,106
01:01:49,SP-FUTURE,ASK,3130.0,857
01:01:50,SP-FUTURE,BID,3130.0,683
01:01:50,SP-FUTURE,BID,3130.0,315
01:01:50,ESX-FUTURE,ASK,3109.0,222
01:01:51,SP-FUTURE,ASK,3130.0,1
01:01:52,ESX-FUTURE,BID,3109.0,458
01:01:52,SP-FUTURE,BID,3130.0,172
01:01:52,ESX-FUTURE,BID,3109.0,319
01:01:53,SP-FUTURE,BID,3129.0,756
01:01:54,ESX-FUTURE,BID,3109.0,264
01:01:55,SP-FUTURE,BID,3129.0,973
01:01:56,ESX-FUTURE,BID,3108.0,556
01:01:56,SP-FUTURE,BID,3129.0,75
01:01:57,SP-FUTURE,ASK,3129.0,69
01:01:57,ESX-FUTURE,BID,3108.0,467
01:01:58,SP-FUTURE,BID,3129.0,167
01:01:58,SP-FUTURE,ASK,3129.0,21
01:01:58,ESX-FUTURE,BID,3108.0,1004
01:01:59,ESX-FUTURE,BID,3108.0,122
01:01:59,SP-FUTURE,BID,3128.0,1961
01:01:59,ESX-FUTURE,BID,3107.0,12
01:02:00,SP-FUTURE,ASK,3129.0,25
01:02:00,ESX-FUTURE,BID,3107.0,93
01:02:02,SP-FUTURE,ASK,3129.0,15
01:02:02,ESX-FUTURE,BID,3107.0,153
01:02:02,ESX-FUTURE,BID,3107.0,85
01:02:03,SP-FUTURE,ASK,3129.0,359
01:02:04,ESX-FUTURE,BID,3107.0,149
01:02:04,SP-FUTURE,BID,3128.0,1217
01:02:05,SP-FUTURE,ASK,3129.0,146
01:02:06,ESX-FUTURE,BID,3106.0,156
01:02:06,ESX-FUTURE,BID,3106.0,590
01:02:06,SP-FUTURE,BID,3128.0,35
01:02:07,ESX-FUTURE,ASK,3106.0,238
01:02:08,SP-FUTURE,BID,3128.0,515
01:02:10,ESX-FUTURE,ASK,3106.0,830
01:02:10,SP-FUTURE,BID,3129.0,541
01:02:10,ESX-FUTURE,ASK,3106.0,19
01:02:10,ESX-FUTURE,BID,3106.0,192
01:02:11,ESX-FUTURE,BID,3106.0,348
01:02:11,SP-FUTURE,BID,3128.0,1332
01:02:12,SP-FUTURE,ASK,3129.0,698
01:02:12,ESX-FUTURE,ASK,3106.0,396
01:02:12,SP-FUTURE,ASK,3129.0,37
01:02:12,ESX-FUTURE,ASK,3106.0,1152
01:02:13,SP-FUTURE,BID,3129.0,1147
01:02:14,ESX-FUTURE,ASK,3106.0,249
01:02:14,SP-FUTURE,ASK,3129.0,423
01:02:14,ESX-FUTURE,BID,3106.0,259
01:02:15,SP-FUTURE,ASK,3129.0,79
01:02:16,ESX-FUTURE,BID,3106.0,352
01:02:16,SP-FUTURE,BID,3129.0,283
01:02:17,ESX-FUTURE,BID,3105.0,1725
01:02:17,SP-FUTURE,ASK,3128.0,819
01:02:18,ESX-FUTURE,ASK,3106.0,1062
01:02:19,SP-FUTURE,ASK,3128.0,939
01:02:19,ESX-FUTURE,ASK,3107.0,1796
01:02:20,SP-FUTURE,BID,3128.0,101
01:02:20,SP-FUTURE,BID,3128.0,19
01:02:20,ESX-FUTURE,ASK,3106.0,70
01:02:21,SP-FUTURE,BID,3128.0,162
01:02:22,ESX-FUTURE,BID,3106.0,565
01:02:22,SP-FUTURE,ASK,3128.0,801
01:02:22,SP-FUTURE,ASK,3128.0,609
01:02:22,ESX-FUTURE,ASK,3107.0,924
01:02:23,ESX-FUTURE,ASK,3107.0,333
01:02:23,SP-FUTURE,BID,3128.0,618
01:02:23,ESX-FUTURE,BID,3107.0,832
01:02:23,ESX-FUTURE,ASK,3107.0,413
01:02:24,SP-FUTURE,ASK,3128.0,344
01:02:25,ESX-FUTURE,ASK,3107.0,851
01:02:25,SP-FUTURE,BID,3128.0,250
01:02:27,ESX-FUTURE,ASK,3107.0,362
01:02:27,SP-FUTURE,ASK,3128.0,8
01:02:28,ESX-FUTURE,ASK,3107.0,605
01:02:29,ESX-FUTURE,BID,3107.0,19
01:02:29,SP-FUTURE,BID,3128.0,253
01:02:30,ESX-FUTURE,BID,3107.0,753
01:02:31,SP-FUTURE,BID,3128.0,935
01:02:31,ESX-FUTURE,BID,3107.0,1322
01:02:31,ESX-FUTURE,ASK,3107.0,967
01:02:32,SP-FUTURE,BID,3128.0,43
01:02:32,ESX-FUTURE,ASK,3107.0,360
01:02:32,ESX-FUTURE,ASK,3107.0,1367
01:02:33,ESX-FUTURE,ASK,3107.0,531
01:02:33,SP-FUTURE,BID,3130.0,196
01:02:34,ESX-FUTURE,BID,3107.0,661
01:02:34,SP-FUTURE,ASK,3129.0,1072
01:02:35,SP-FUTURE,ASK,3129.0,1608
01:02:35,ESX-FUTURE,ASK,3110.0,330
01:02:36,ESX-FUTURE,BID,3109.0,89
01:02:36,SP-FUTURE,BID,3129.0,322
01:02:37,ESX-FUTURE,BID,3109.0,339
01:02:38,ESX-FUTURE,ASK,3109.0,264
01:02:38,SP-FUTURE,BID,3129.0,285
01:02:39,SP-FUTURE,BID,3129.0,792
01:02:39,ESX-FUTURE,ASK,3109.0,711
01:02:40,SP-FUTURE,ASK,3130.0,244
01:02:40,ESX-FUTURE,ASK,3109.0,718
01:02:40,SP-FUTURE,ASK,3130.0,1915
01:02:41,ESX-FUTURE,ASK,3109.0,242
01:02:41,SP-FUTURE,ASK,3130.0,373
01:02:42,ESX-FUTURE,BID,3109.0,77
01:02:43,SP-FUTURE,BID,3130.0,335
01:02:43,ESX-FUTURE,BID,3109.0,1468
01:02:43,ESX-FUTURE,BID,3109.0,189
01:02:44,SP-FUTURE,BID,3129.0,206
01:02:45,ESX-FUTURE,BID,3109.0,25
01:02:45,SP-FUTURE,BID,3129.0,91
01:02:45,ESX-FUTURE,ASK,3109.0,1454
01:02:46,SP-FUTURE,ASK,3129.0,1495
01:02:46,SP-FUTURE,BID,3129.0,675
01:02:47,ESX-FUTURE,ASK,3110.0,125
01:02:47,SP-FUTURE,BID,3129.0,398
01:02:47,SP-FUTURE,BID,3129.0,370
01:02:47,ESX-FUTURE,BID,3109.0,920
01:02:48,SP-FUTURE,BID,3128.0,344
01:02:49,ESX-FUTURE,ASK,3110.0,187
01:02:49,ESX-FUTURE,BID,3109.0,86
01:02:50,SP-FUTURE,BID,3128.0,783
01:02:51,ESX-FUTURE,ASK,3109.0,733
01:02:51,ESX-FUTURE,BID,3109.0,1532
01:02:51,ESX-FUTURE,ASK,3109.0,733
01:02:52,SP-FUTURE,BID,3129.0,193
01:02:53,ESX-FUTURE,ASK,3109.0,526
01:02:53,SP-FUTURE,BID,3129.0,528
01:02:54,ESX-FUTURE,ASK,3109.0,384
01:02:55,SP-FUTURE,ASK,3129.0,838
01:02:55,ESX-FUTURE,BID,3109.0,117
01:02:56,SP-FUTURE,BID,3129.0,91
01:02:57,ESX-FUTURE,BID,3109.0,126
01:02:57,ESX-FUTURE,ASK,3109.0,2550
01:02:58,SP-FUTURE,BID,3130.0,752
01:02:58,SP-FUTURE,ASK,3130.0,302
01:02:59,ESX-FUTURE,BID,3109.0,2324
01:02:59,SP-FUTURE,ASK,3127.0,131
01:03:00,ESX-FUTURE,BID,3109.0,925
01:03:00,SP-FUTURE,ASK,3127.0,348
01:03:00,SP-FUTURE,BID,3127.0,209
01:03:00,ESX-FUTURE,BID,3109.0,129
01:03:01,SP-FUTURE,BID,3127.0,574
01:03:01,ESX-FUTURE,BID,3108.0,1914
01:03:03,ESX-FUTURE,BID,3108.0,1396
01:03:03,SP-FUTURE,ASK,3127.0,1292
01:03:03,ESX-FUTURE,ASK,3110.0,432
01:03:05,SP-FUTURE,ASK,3127.0,16
01:03:05,ESX-FUTURE,ASK,3110.0,505
01:03:06,ESX-FUTURE,ASK,3110.0,518
01:03:07,SP-FUTURE,ASK,3128.0,927
01:03:07,ESX-FUTURE,BID,3110.0,425
01:03:08,SP-FUTURE,BID,3127.0,762
01:03:08,SP-FUTURE,BID,3127.0,609
01:03:08,ESX-FUTURE,BID,3110.0,436
01:03:09,SP-FUTURE,BID,3127.0,458
01:03:10,ESX-FUTURE,ASK,3110.0,2039
01:03:10,SP-FUTURE,BID,3127.0,288
01:03:11,SP-FUTURE,ASK,3128.0,378
01:03:11,ESX-FUTURE,ASK,3110.0,116
01:03:11,ESX-FUTURE,BID,3110.0,2358
01:03:12,SP-FUTURE,BID,3125.0,218
01:03:12,SP-FUTURE,BID,3125.0,45
01:03:12,SP-FUTURE,ASK,3125.0,76
01:03:12,ESX-FUTURE,ASK,3110.0,979
01:03:14,SP-FUTURE,ASK,3125.0,979
01:03:14,ESX-FUTURE,ASK,3110.0,588
01:03:14,ESX-FUTURE,ASK,3110.0,1060
01:03:15,SP-FUTURE,ASK,3126.0,117
01:03:16,ESX-FUTURE,BID,3110.0,400
01:03:16,SP-FUTURE,ASK,3126.0,1417
01:03:17,ESX-FUTURE,BID,3111.0,6
01:03:17,SP-FUTURE,ASK,3126.0,1250
01:03:17,SP-FUTURE,ASK,3126.0,273
01:03:18,ESX-FUTURE,ASK,3112.0,1008
01:03:19,ESX-FUTURE,BID,3111.0,9
01:03:19,ESX-FUTURE,ASK,3112.0,1325
01:03:19,SP-FUTURE,BID,3125.0,35
01:03:20,SP-FUTURE,BID,3126.0,967
01:03:20,ESX-FUTURE,ASK,3111.0,113
01:03:21,ESX-FUTURE,ASK,3111.0,84
01:03:21,SP-FUTURE,BID,3126.0,2795
01:03:22,SP-FUTURE,ASK,3126.0,13
01:03:22,ESX-FUTURE,ASK,3107.0,13
01:03:23,SP-FUTURE,BID,3126.0,1801
01:03:24,SP-FUTURE,BID,3126.0,1503
01:03:25,ESX-FUTURE,BID,3107.0,1413
01:03:25,ESX-FUTURE,BID,3107.0,47
01:03:25,ESX-FUTURE,BID,3107.0,901
01:03:26,SP-FUTURE,BID,3124.0,1140
01:03:26,ESX-FUTURE,ASK,3106.0,143
01:03:27,SP-FUTURE,BID,3124.0,486
01:03:27,ESX-FUTURE,ASK,3106.0,3
01:03:28,SP-FUTURE,BID,3124.0,1289
01:03:28,SP-FUTURE,ASK,3124.0,442
01:03:28,ESX-FUTURE,BID,3105.0,274
01:03:29,SP-FUTURE,ASK,3124.0,929
01:03:30,ESX-FUTURE,BID,3106.0,1857
01:03:31,SP-FUTURE,ASK,3124.0,77
01:03:31,SP-FUTURE,ASK,3124.0,13
01:03:32,ESX-FUTURE,BID,3106.0,14
01:03:32,ESX-FUTURE,BID,3106.0,11
01:03:32,SP-FUTURE,ASK,3124.0,954
01:03:33,SP-FUTURE,BID,3124.0,842
01:03:33,SP-FUTURE,BID,3124.0,3
01:03:33,ESX-FUTURE,BID,3106.0,257
01:03:35,SP-FUTURE,BID,3124.0,627
01:03:35,ESX-FUTURE,BID,3106.0,34
01:03:36,SP-FUTURE,BID,3124.0,926
01:03:36,ESX-FUTURE,BID,3106.0,92
01:03:37,SP-FUTURE,BID,3124.0,1175
01:03:37,ESX-FUTURE,ASK,3105.0,531
01:03:38,ESX-FUTURE,BID,3105.0,880
01:03:38,ESX-FUTURE,BID,3105.0,1805
01:03:39,SP-FUTURE,BID,3121.0,1613
01:03:40,ESX-FUTURE,BID,3105.0,110
01:03:40,ESX-FUTURE,ASK,3105.0,1054
01:03:41,ESX-FUTURE,ASK,3105.0,884
01:03:41,SP-FUTURE,BID,3122.0,114
01:03:41,ESX-FUTURE,BID,3105.0,152
01:03:42,ESX-FUTURE,BID,3105.0,345
01:03:42,SP-FUTURE,ASK,3122.0,1780
01:03:43,ESX-FUTURE,ASK,3106.0,1496
01:03:43,SP-FUTURE,ASK,3123.0,1555
01:03:44,ESX-FUTURE,BID,3107.0,38
01:03:44,SP-FUTURE,ASK,3123.0,2542
01:03:45,ESX-FUTURE,BID,3110.0,241
01:03:45,SP-FUTURE,BID,3123.0,1355
01:03:45,ESX-FUTURE,BID,3110.0,51
01:03:46,ESX-FUTURE,BID,3110.0,133
01:03:46,SP-FUTURE,ASK,3123.0,349
01:03:46,ESX-FUTURE,ASK,3110.0,115
01:03:47,SP-FUTURE,ASK,3123.0,72
01:03:47,ESX-FUTURE,ASK,3110.0,47
01:03:48,ESX-FUTURE,BID,3110.0,919
01:03:48,SP-FUTURE,ASK,3123.0,1911
01:03:49,ESX-FUTURE,ASK,3111.0,631
01:03:50,ESX-FUTURE,BID,3111.0,73
01:03:50,SP-FUTURE,BID,3123.0,389
01:03:50,ESX-FUTURE,ASK,3111.0,2002
01:03:51,SP-FUTURE,ASK,3125.0,124
01:03:52,SP-FUTURE,BID,3125.0,868
01:03:52,ESX-FUTURE,ASK,3111.0,1126
01:03:52,ESX-FUTURE,BID,3110.0,88
01:03:53,SP-FUTURE,ASK,3126.0,137
01:03:53,ESX-FUTURE,BID,3110.0,570
01:03:53,SP-FUTURE,BID,3126.0,29
01:03:54,ESX-FUTURE,BID,3110.0,393
01:03:55,SP-FUTURE,ASK,3126.0,1510
01:03:55,ESX-FUTURE,BID,3110.0,926
01:03:56,SP-FUTURE,BID,3126.0,224
01:03:56,SP-FUTURE,BID,3126.0,750
01:03:57,ESX-FUTURE,BID,3110.0,293
01:03:58,ESX-FUTURE,ASK,3110.0,77
01:03:58,SP-FUTURE,BID,3126.0,697
01:03:59,ESX-FUTURE,ASK,3110.0,454
01:04:00,SP-FUTURE,BID,3126.0,30
01:04:00,ESX-FUTURE,ASK,3110.0,37
01:04:00,SP-FUTURE,BID,3126.0,42
01:04:01,ESX-FUTURE,ASK,3110.0,215
01:04:01,SP-FUTURE,BID,3126.0,8
01:04:02,ESX-FUTURE,BID,3109.0,122
01:04:02,SP-FUTURE,ASK,3126.0,2312
01:04:03,SP-FUTURE,BID,3126.0,282
01:04:04,ESX-FUTURE,ASK,3113.0,495
01:04:05,SP-FUTURE,BID,3126.0,2050
01:04:05,ESX-FUTURE,ASK,3111.0,202
01:04:06,ESX-FUTURE,ASK,3111.0,19
01:04:06,SP-FUTURE,ASK,3126.0,678
01:04:07,ESX-FUTURE,BID,3111.0,260
01:04:07,SP-FUTURE,BID,3126.0,2231
01:04:08,ESX-FUTURE,BID,3108.0,92
01:04:08,SP-FUTURE,BID,3126.0,619
01:04:09,ESX-FUTURE,BID,3108.0,597
01:04:10,SP-FUTURE,BID,3126.0,518
01:04:10,ESX-FUTURE,ASK,3108.0,708
01:04:11,SP-FUTURE,ASK,3126.0,103
01:04:11,SP-FUTURE,ASK,3126.0,39
01:04:11,ESX-FUTURE,ASK,3108.0,314
01:04:13,SP-FUTURE,BID,3126.0,108
01:04:13,ESX-FUTURE,BID,3108.0,1041
01:04:14,ESX-FUTURE,ASK,3108.0,632
01:04:14,SP-FUTURE,BID,3126.0,2385
01:04:15,ESX-FUTURE,ASK,3108.0,19
01:04:16,SP-FUTURE,BID,3126.0,2526
01:04:17,ESX-FUTURE,ASK,3107.0,701
01:04:17,SP-FUTURE,ASK,3127.0,794
01:04:18,ESX-FUTURE,ASK,3108.0,388
01:04:18,SP-FUTURE,BID,3127.0,385
01:04:18,SP-FUTURE,BID,3127.0,76
01:04:19,ESX-FUTURE,BID,3107.0,1675
01:04:19,ESX-FUTURE,BID,3107.0,1412
01:04:19,SP-FUTURE,BID,3125.0,1728
01:04:19,ESX-FUTURE,ASK,3106.0,2035
01:04:20,ESX-FUTURE,BID,3106.0,203
01:04:20,SP-FUTURE,BID,3127.0,1786
01:04:21,ESX-FUTURE,ASK,3104.0,93
01:04:22,SP-FUTURE,BID,3127.0,1379
01:04:22,ESX-FUTURE,ASK,3103.0,198
01:04:23,SP-FUTURE,ASK,3128.0,2407
01:04:23,SP-FUTURE,BID,3127.0,1
01:04:24,ESX-FUTURE,BID,3103.0,649
01:04:24,SP-FUTURE,BID,3127.0,618
01:04:24,ESX-FUTURE,BID,3103.0,27
01:04:24,SP-FUTURE,BID,3127.0,144
01:04:25,ESX-FUTURE,BID,3103.0,139
01:04:26,SP-FUTURE,BID,3127.0,143
01:04:27,ESX-FUTURE,BID,3103.0,2079
01:04:28,SP-FUTURE,BID,3125.0,24
01:04:28,ESX-FUTURE,BID,3103.0,535
01:04:29,SP-FUTURE,ASK,3125.0,68
01:04:29,ESX-FUTURE,ASK,3103.0,36
01:04:30,SP-FUTURE,ASK,3125.0,198
01:04:30,SP-FUTURE,BID,3124.0,836
01:04:31,SP-FUTURE,BID,3124.0,729
01:04:31,ESX-FUTURE,BID,3102.0,36
01:04:32,SP-FUTURE,ASK,3125.0,226
01:04:32,SP-FUTURE,BID,3124.0,151
01:04:33,ESX-FUTURE,BID,3102.0,685
01:04:34,SP-FUTURE,ASK,3124.0,430
01:04:34,ESX-FUTURE,BID,3102.0,178
01:04:34,ESX-FUTURE,ASK,3103.0,1336
01:04:35,ESX-FUTURE,BID,3102.0,118
01:04:35,SP-FUTURE,BID,3125.0,24
01:04:35,ESX-FUTURE,ASK,3103.0,2046
01:04:36,SP-FUTURE,ASK,3127.0,328
01:04:36,ESX-FUTURE,BID,3102.0,273
01:04:36,SP-FUTURE,BID,3127.0,845
01:04:37,ESX-FUTURE,ASK,3103.0,623
01:04:37,SP-FUTURE,BID,3127.0,12
01:04:38,SP-FUTURE,BID,3127.0,289
01:04:38,ESX-FUTURE,BID,3102.0,1019
01:04:39,SP-FUTURE,BID,3127.0,117
01:04:39,ESX-FUTURE,BID,3102.0,401
01:04:40,SP-FUTURE,ASK,3127.0,792
01:04:41,ESX-FUTURE,BID,3103.0,237
01:04:41,SP-FUTURE,ASK,3127.0,766
01:04:42,ESX-FUTURE,ASK,3104.0,104
01:04:42,ESX-FUTURE,ASK,3104.0,342
01:04:43,SP-FUTURE,BID,3127.0,271
01:04:44,SP-FUTURE,ASK,3127.0,34
01:04:44,ESX-FUTURE,ASK,3104.0,521
01:04:44,SP-FUTURE,BID,3127.0,90
01:04:44,SP-FUTURE,ASK,3127.0,442
01:04:45,SP-FUTURE,ASK,3127.0,645
01:04:45,ESX-FUTURE,ASK,3104.0,749
01:04:46,ESX-FUTURE,BID,3103.0,273
01:04:46,SP-FUTURE,BID,3127.0,2014
01:04:47,SP-FUTURE,BID,3127.0,1347
01:04:48,ESX-FUTURE,ASK,3100.0,781
01:04:48,ESX-FUTURE,ASK,3100.0,1407
01:04:48,ESX-FUTURE,BID,3100.0,197
01:04:49,SP-FUTURE,BID,3128.0,1287
01:04:49,ESX-FUTURE,BID,3099.0,515
01:04:50,SP-FUTURE,ASK,3128.0,519
01:04:51,ESX-FUTURE,ASK,3100.0,28
01:04:51,SP-FUTURE,ASK,3128.0,60
01:04:51,SP-FUTURE,ASK,3128.0,873
01:04:51,SP-FUTURE,ASK,3128.0,801
01:04:52,SP-FUTURE,BID,3128.0,905
01:04:52,ESX-FUTURE,ASK,3101.0,828
01:04:53,ESX-FUTURE,ASK,3101.0,612
01:04:53,SP-FUTURE,ASK,3129.0,827
01:04:54,SP-FUTURE,BID,3128.0,941
01:04:54,ESX-FUTURE,BID,3101.0,964
01:04:55,ESX-FUTURE,BID,3101.0,67
01:04:55,SP-FUTURE,BID,3128.0,94
01:04:56,ESX-FUTURE,ASK,3101.0,796
01:04:57,SP-FUTURE,BID,3128.0,294
01:04:58,ESX-FUTURE,BID,3100.0,447
01:04:58,ESX-FUTURE,BID,3100.0,287
01:04:58,SP-FUTURE,BID,3128.0,494
01:04:59,SP-FUTURE,BID,3128.0,414
01:05:00,SP-FUTURE,BID,3128.0,152
01:05:00,ESX-FUTURE,ASK,3100.0,141
01:05:01,ESX-FUTURE,ASK,3100.0,981
01:05:01,ESX-FUTURE,ASK,3100.0,898
01:05:01,SP-FUTURE,BID,3129.0,881
01:05:02,SP-FUTURE,BID,3129.0,2234
01:05:02,SP-FUTURE,ASK,3130.0,149
01:05:02,ESX-FUTURE,BID,3098.0,208
01:05:03,ESX-FUTURE,BID,3098.0,95
01:05:04,SP-FUTURE,ASK,3130.0,1068
01:05:04,ESX-FUTURE,ASK,3099.0,416
01:05:05,SP-FUTURE,BID,3129.0,481
01:05:05,ESX-FUTURE,ASK,3099.0,1
01:05:06,ESX-FUTURE,ASK,3099.0,1911
01:05:07,SP-FUTURE,BID,3131.0,786
01:05:08,SP-FUTURE,BID,3131.0,878
01:05:08,ESX-FUTURE,ASK,3099.0,24
01:05:08,ESX-FUTURE,ASK,3099.0,172
01:05:08,ESX-FUTURE,BID,3099.0,22
01:05:08,SP-FUTURE,BID,3131.0,871
01:05:09,ESX-FUTURE,ASK,3099.0,594
01:05:10,SP-FUTURE,BID,3131.0,110
01:05:11,SP-FUTURE,BID,3131.0,656
01:05:11,ESX-FUTURE,ASK,3098.0,385
01:05:12,SP-FUTURE,BID,3131.0,7
01:05:12,SP-FUTURE,BID,3131.0,562
01:05:13,ESX-FUTURE,BID,3098.0,609
01:05:13,SP-FUTURE,BID,3131.0,1270
01:05:13,ESX-FUTURE,ASK,3098.0,1521
01:05:14,ESX-FUTURE,ASK,3098.0,1091
01:05:15,SP-FUTURE,ASK,3133.0,36
01:05:15,ESX-FUTURE,BID,3098.0,91
01:05:15,SP-FUTURE,BID,3133.0,426
01:05:16,SP-FUTURE,ASK,3133.0,104
01:05:17,ESX-FUTURE,ASK,3098.0,579
01:05:17,ESX-FUTURE,ASK,3098.0,1204
01:05:18,SP-FUTURE,BID,3134.0,1631
01:05:19,SP-FUTURE,BID,3134.0,630
01:05:19,ESX-FUTURE,ASK,3097.0,1351
01:05:20,SP-FUTURE,BID,3134.0,603
01:05:20,SP-FUTURE,BID,3134.0,469
01:05:20,ESX-FUTURE,BID,3096.0,54
01:05:21,ESX-FUTURE,ASK,3096.0,1360
01:05:21,SP-FUTURE,BID,3135.0,560
01:05:21,SP-FUTURE,ASK,3135.0,436
01:05:22,SP-FUTURE,ASK,3135.0,484
01:05:22,SP-FUTURE,BID,3135.0,406
01:05:22,SP-FUTURE,BID,3135.0,203
01:05:23,ESX-FUTURE,ASK,3096.0,416
01:05:23,ESX-FUTURE,ASK,3096.0,651
01:05:24,SP-FUTURE,ASK,3136.0,33
01:05:25,ESX-FUTURE,BID,3096.0,371
01:05:25,SP-FUTURE,ASK,3136.0,774
01:05:25,ESX-FUTURE,BID,3096.0,400
01:05:26,SP-FUTURE,BID,3135.0,714
01:05:26,SP-FUTURE,ASK,3135.0,678
01:05:27,ESX-FUTURE,ASK,3096.0,315
01:05:27,SP-FUTURE,BID,3135.0,341
01:05:29,SP-FUTURE,ASK,3135.0,83
01:05:29,ESX-FUTURE,BID,3096.0,826
01:05:30,SP-FUTURE,ASK,3135.0,247
01:05:30,ESX-FUTURE,BID,3096.0,85
01:05:30,SP-FUTURE,ASK,3135.0,195
01:05:31,ESX-FUTURE,ASK,3097.0,1028
01:05:31,SP-FUTURE,ASK,3135.0,242
01:05:32,ESX-FUTURE,BID,3096.0,194
01:05:32,ESX-FUTURE,ASK,3097.0,554
01:05:32,SP-FUTURE,BID,3135.0,2440
01:05:32,ESX-FUTURE,ASK,3095.0,350
01:05:33,SP-FUTURE,BID,3136.0,716
01:05:34,SP-FUTURE,BID,3136.0,245
01:05:34,ESX-FUTURE,BID,3094.0,728
01:05:35,ESX-FUTURE,BID,3094.0,758
01:05:35,SP-FUTURE,ASK,3136.0,707
01:05:36,ESX-FUTURE,ASK,3095.0,309
01:05:36,SP-FUTURE,BID,3135.0,233
01:05:37,SP-FUTURE,ASK,3136.0,497
01:05:38,ESX-FUTURE,BID,3095.0,17
01:05:38,SP-FUTURE,ASK,3136.0,918
01:05:39,ESX-FUTURE,ASK,3096.0,898
01:05:39,ESX-FUTURE,ASK,3096.0,164
01:05:39,SP-FUTURE,BID,3136.0,147
01:05:40,ESX-FUTURE,ASK,3096.0,1123
01:05:41,SP-FUTURE,ASK,3136.0,216
01:05:41,ESX-FUTURE,ASK,3096.0,72
01:05:41,SP-FUTURE,ASK,3136.0,993
01:05:42,ESX-FUTURE,BID,3096.0,277
01:05:42,SP-FUTURE,BID,3136.0,332
01:05:42,ESX-FUTURE,BID,3096.0,105
01:05:42,SP-FUTURE,BID,3136.0,357
01:05:43,SP-FUTURE,ASK,3136.0,155
01:05:43,ESX-FUTURE,BID,3096.0,275
01:05:44,SP-FUTURE,ASK,3136.0,1329
01:05:46,SP-FUTURE,BID,3136.0,350
01:05:46,ESX-FUTURE,ASK,3097.0,10
01:05:47,SP-FUTURE,BID,3136.0,474
01:05:47,ESX-FUTURE,BID,3096.0,1108
01:05:47,SP-FUTURE,BID,3135.0,53
01:05:48,ESX-FUTURE,BID,3096.0,1284
01:05:48,SP-FUTURE,BID,3135.0,455
01:05:49,ESX-FUTURE,BID,3096.0,1075
01:05:49,SP-FUTURE,ASK,3135.0,238
01:05:50,SP-FUTURE,BID,3135.0,112
01:05:50,ESX-FUTURE,BID,3096.0,408
01:05:51,ESX-FUTURE,ASK,3097.0,988
01:05:51,SP-FUTURE,BID,3135.0,45
01:05:52,SP-FUTURE,BID,3135.0,63
01:05:53,ESX-FUTURE,BID,3096.0,6
01:05:53,ESX-FUTURE,BID,3096.0,106
01:05:53,SP-FUTURE,BID,3135.0,246
01:05:55,ESX-FUTURE,BID,3096.0,202
01:05:55,SP-FUTURE,BID,3135.0,123
01:05:56,ESX-FUTURE,ASK,3097.0,2682
01:05:56,SP-FUTURE,ASK,3136.0,535
01:05:57,SP-FUTURE,BID,3136.0,732
01:05:57,ESX-FUTURE,BID,3096.0,470
01:05:57,SP-FUTURE,ASK,3136.0,87
01:05:58,ESX-FUTURE,BID,3096.0,186
01:05:58,SP-FUTURE,ASK,3136.0,160
01:06:00,SP-FUTURE,ASK,3136.0,113
01:06:00,ESX-FUTURE,ASK,3097.0,96
01:06:01,ESX-FUTURE,BID,3096.0,124
01:06:01,SP-FUTURE,ASK,3136.0,377
01:06:02,SP-FUTURE,BID,3136.0,24
01:06:03,ESX-FUTURE,ASK,3097.0,332
01:06:03,SP-FUTURE,BID,3136.0,336
01:06:04,ESX-FUTURE,ASK,3097.0,191
01:06:05,SP-FUTURE,ASK,3136.0,378
01:06:05,ESX-FUTURE,BID,3097.0,198
01:06:06,SP-FUTURE,BID,3136.0,143
01:06:06,ESX-FUTURE,ASK,3097.0,664
01:06:07,ESX-FUTURE,ASK,3097.0,544
01:06:07,SP-FUTURE,BID,3136.0,25
01:06:08,ESX-FUTURE,BID,3097.0,84
01:06:08,SP-FUTURE,ASK,3136.0,1867
01:06:08,ESX-FUTURE,ASK,3099.0,1441
01:06:09,SP-FUTURE,BID,3138.0,67
01:06:10,ESX-FUTURE,ASK,3099.0,651
01:06:10,ESX-FUTURE,BID,3098.0,173
01:06:10,SP-FUTURE,BID,3138.0,23
01:06:12,ESX-FUTURE,BID,3098.0,1254
01:06:12,SP-FUTURE,BID,3137.0,371
01:06:13,ESX-FUTURE,BID,3098.0,617
01:06:13,ESX-FUTURE,BID,3098.0,836
01:06:13,SP-FUTURE,ASK,3137.0,254
01:06:14,ESX-FUTURE,ASK,3099.0,2045
01:06:15,SP-FUTURE,BID,3137.0,32
01:06:15,ESX-FUTURE,BID,3098.0,139
01:06:15,ESX-FUTURE,ASK,3099.0,2179
01:06:16,ESX-FUTURE,ASK,3099.0,2763
01:06:16,SP-FUTURE,ASK,3142.0,2488
01:06:16,SP-FUTURE,BID,3142.0,69
01:06:16,ESX-FUTURE,BID,3100.0,271
01:06:17,ESX-FUTURE,BID,3100.0,354
01:06:18,SP-FUTURE,BID,3142.0,39
01:06:19,SP-FUTURE,BID,3142.0,257
01:06:19,ESX-FUTURE,BID,3099.0,736
01:06:19,ESX-FUTURE,BID,3099.0,263
01:06:19,SP-FUTURE,ASK,3142.0,347
01:06:20,ESX-FUTURE,ASK,3100.0,973
01:06:20,ESX-FUTURE,ASK,3100.0,806
01:06:20,SP-FUTURE,ASK,3143.0,484
01:06:21,SP-FUTURE,ASK,3143.0,113
01:06:22,ESX-FUTURE,ASK,3100.0,145
01:06:22,SP-FUTURE,BID,3143.0,513
01:06:22,ESX-FUTURE,ASK,3100.0,126
01:06:23,SP-FUTURE,BID,3143.0,713
01:06:23,ESX-FUTURE,BID,3100.0,316
01:06:24,ESX-FUTURE,ASK,3100.0,1082
01:06:24,SP-FUTURE,ASK,3143.0,1361
01:06:24,SP-FUTURE,ASK,3143.0,797
01:06:25,ESX-FUTURE,BID,3100.0,282
01:06:25,SP-FUTURE,ASK,3143.0,324
01:06:26,ESX-FUTURE,BID,3100.0,3
01:06:26,SP-FUTURE,ASK,3143.0,101
01:06:27,ESX-FUTURE,ASK,3100.0,654
01:06:27,SP-FUTURE,BID,3143.0,1117
01:06:28,ESX-FUTURE,ASK,3100.0,135
01:06:28,SP-FUTURE,ASK,3143.0,206
01:06:29,ESX-FUTURE,ASK,3100.0,537
01:06:29,SP-FUTURE,ASK,3143.0,73
01:06:30,ESX-FUTURE,ASK,3100.0,468
01:06:31,SP-FUTURE,BID,3143.0,51
01:06:31,ESX-FUTURE,BID,3100.0,33
01:06:32,ESX-FUTURE,ASK,3100.0,180
01:06:33,SP-FUTURE,BID,3143.0,6
01:06:34,SP-FUTURE,BID,3143.0,51
01:06:34,ESX-FUTURE,BID,3100.0,13
01:06:35,SP-FUTURE,BID,3143.0,71
01:06:36,ESX-FUTURE,BID,3100.0,1512
01:06:36,SP-FUTURE,BID,3143.0,1002
01:06:37,SP-FUTURE,ASK,3143.0,618
01:06:37,SP-FUTURE,ASK,3143.0,1786
01:06:37,ESX-FUTURE,ASK,3101.0,1153
01:06:38,ESX-FUTURE,BID,3101.0,146
01:06:39,SP-FUTURE,ASK,3144.0,293
01:06:39,SP-FUTURE,BID,3143.0,665
01:06:40,ESX-FUTURE,ASK,3101.0,178
01:06:41,SP-FUTURE,ASK,3144.0,640
01:06:41,ESX-FUTURE,BID,3101.0,271
01:06:41,ESX-FUTURE,BID,3101.0,713
01:06:41,SP-FUTURE,BID,3143.0,577
01:06:42,ESX-FUTURE,ASK,3102.0,651
01:06:42,ESX-FUTURE,ASK,3102.0,963
01:06:42,ESX-FUTURE,BID,3101.0,202
01:06:43,SP-FUTURE,BID,3143.0,542
01:06:44,ESX-FUTURE,ASK,3101.0,137
01:06:44,SP-FUTURE,BID,3143.0,779
01:06:45,ESX-FUTURE,BID,3100.0,296
01:06:46,SP-FUTURE,BID,3143.0,308
01:06:47,ESX-FUTURE,ASK,3101.0,836
01:06:47,SP-FUTURE,BID,3144.0,228
01:06:48,ESX-FUTURE,ASK,3101.0,365
01:06:48,SP-FUTURE,BID,3144.0,779
01:06:49,SP-FUTURE,BID,3144.0,580
01:06:49,SP-FUTURE,ASK,3144.0,2
01:06:49,ESX-FUTURE,ASK,3100.0,153
01:06:49,SP-FUTURE,ASK,3144.0,304
01:06:50,ESX-FUTURE,BID,3100.0,236
01:06:50,ESX-FUTURE,ASK,3100.0,98
01:06:51,SP-FUTURE,BID,3144.0,179
01:06:52,ESX-FUTURE,BID,3100.0,57
01:06:52,SP-FUTURE,ASK,3144.0,452
01:06:53,SP-FUTURE,BID,3144.0,484
01:06:53,ESX-FUTURE,BID,3100.0,553
01:06:55,SP-FUTURE,BID,3144.0,71
01:06:55,ESX-FUTURE,BID,3100.0,963
01:06:55,ESX-FUTURE,BID,3100.0,76
01:06:55,SP-FUTURE,ASK,3144.0,1744
01:06:56,SP-FUTURE,ASK,3144.0,1717
01:06:57,ESX-FUTURE,BID,3104.0,595
01:06:57,SP-FUTURE,ASK,3143.0,611
01:06:58,SP-FUTURE,BID,3143.0,391
01:06:58,SP-FUTURE,ASK,3143.0,1659
01:06:58,ESX-FUTURE,ASK,3106.0,1524
01:06:59,SP-FUTURE,ASK,3144.0,26
01:06:59,ESX-FUTURE,BID,3106.0,222
01:06:59,ESX-FUTURE,ASK,3106.0,782
01:07:00,ESX-FUTURE,ASK,3106.0,1488
01:07:01,SP-FUTURE,ASK,3145.0,5
01:07:02,ESX-FUTURE,BID,3106.0,35
01:07:02,ESX-FUTURE,BID,3106.0,81
01:07:02,SP-FUTURE,ASK,3145.0,132
01:07:03,SP-FUTURE,BID,3144.0,1675
01:07:04,ESX-FUTURE,BID,3105.0,625
01:07:04,SP-FUTURE,ASK,3145.0,108
01:07:05,SP-FUTURE,BID,3144.0,894
01:07:05,ESX-FUTURE,BID,3105.0,674
01:07:06,SP-FUTURE,BID,3144.0,452
01:07:07,ESX-FUTURE,ASK,3105.0,443
01:07:07,SP-FUTURE,ASK,3145.0,13
01:07:07,ESX-FUTURE,BID,3105.0,419
01:07:08,ESX-FUTURE,ASK,3105.0,2007
01:07:09,SP-FUTURE,ASK,3147.0,51
01:07:10,ESX-FUTURE,ASK,3105.0,867
01:07:10,SP-FUTURE,ASK,3147.0,2420
01:07:11,SP-FUTURE,ASK,3147.0,297
01:07:11,ESX-FUTURE,BID,3107.0,64
01:07:12,ESX-FUTURE,ASK,3107.0,807
01:07:12,ESX-FUTURE,ASK,3107.0,1249
01:07:13,SP-FUTURE,ASK,3147.0,703
01:07:14,ESX-FUTURE,BID,3107.0,197
01:07:14,SP-FUTURE,BID,3147.0,186
01:07:14,ESX-FUTURE,BID,3107.0,1115
01:07:15,ESX-FUTURE,ASK,3107.0,317
01:07:15,ESX-FUTURE,ASK,3107.0,331
01:07:16,SP-FUTURE,BID,3147.0,359
01:07:16,ESX-FUTURE,BID,3107.0,114
01:07:17,SP-FUTURE,BID,3147.0,294
01:07:17,ESX-FUTURE,ASK,3107.0,16
01:07:18,SP-FUTURE,ASK,3147.0,2183
01:07:18,ESX-FUTURE,BID,3109.0,175
01:07:19,SP-FUTURE,BID,3147.0,1
01:07:19,ESX-FUTURE,ASK,3110.0,361
01:07:20,ESX-FUTURE,BID,3109.0,3
01:07:20,SP-FUTURE,BID,3147.0,292
01:07:21,SP-FUTURE,BID,3147.0,147
01:07:21,ESX-FUTURE,ASK,3109.0,172
01:07:21,ESX-FUTURE,BID,3109.0,32
01:07:22,SP-FUTURE,BID,3147.0,90
01:07:23,ESX-FUTURE,BID,3109.0,263
01:07:23,SP-FUTURE,BID,3147.0,176
01:07:24,ESX-FUTURE,ASK,3109.0,165
01:07:25,SP-FUTURE,ASK,3147.0,279
01:07:25,ESX-FUTURE,BID,3109.0,583
01:07:26,SP-FUTURE,BID,3147.0,176
01:07:26,SP-FUTURE,BID,3147.0,1370
01:07:26,ESX-FUTURE,BID,3108.0,2924
01:07:27,ESX-FUTURE,ASK,3108.0,9
01:07:27,ESX-FUTURE,ASK,3108.0,22
01:07:28,SP-FUTURE,ASK,3143.0,1831
01:07:28,ESX-FUTURE,BID,3108.0,158
01:07:28,ESX-FUTURE,BID,3108.0,67
01:07:29,SP-FUTURE,ASK,3143.0,286
01:07:30,ESX-FUTURE,BID,3108.0,624
01:07:30,SP-FUTURE,BID,3142.0,2414
01:07:30,ESX-FUTURE,BID,3107.0,543
01:07:30,SP-FUTURE,BID,3142.0,122
01:07:31,ESX-FUTURE,BID,3107.0,1174
01:07:32,SP-FUTURE,ASK,3142.0,33
01:07:32,SP-FUTURE,BID,3141.0,680
01:07:33,ESX-FUTURE,BID,3106.0,766
01:07:33,SP-FUTURE,BID,3141.0,1015
01:07:34,SP-FUTURE,BID,3141.0,1998
01:07:34,SP-FUTURE,BID,3141.0,68
01:07:34,ESX-FUTURE,ASK,3104.0,440
01:07:35,SP-FUTURE,BID,3141.0,71
01:07:35,ESX-FUTURE,BID,3104.0,142
01:07:36,ESX-FUTURE,BID,3104.0,25
01:07:37,SP-FUTURE,BID,3141.0,898
01:07:38,ESX-FUTURE,ASK,3103.0,133
01:07:38,SP-FUTURE,ASK,3141.0,20
01:07:39,SP-FUTURE,ASK,3141.0,306
01:07:39,ESX-FUTURE,BID,3103.0,335
01:07:40,ESX-FUTURE,ASK,3103.0,592
01:07:40,SP-FUTURE,ASK,3142.0,349
01:07:41,ESX-FUTURE,BID,3103.0,140
01:07:42,SP-FUTURE,BID,3141.0,1311
01:07:43,ESX-FUTURE,ASK,3102.0,257
01:07:43,SP-FUTURE,ASK,3142.0,59
01:07:44,ESX-FUTURE,BID,3102.0,328
01:07:44,ESX-FUTURE,ASK,3102.0,11
01:07:45,SP-FUTURE,BID,3141.0,504
01:07:45,SP-FUTURE,BID,3141.0,457
01:07:46,ESX-FUTURE,BID,3102.0,1276
01:07:46,SP-FUTURE,ASK,3141.0,1212
01:07:46,SP-FUTURE,ASK,3141.0,660
01:07:47,SP-FUTURE,BID,3140.0,305
01:07:47,ESX-FUTURE,BID,3102.0,727
01:07:47,SP-FUTURE,BID,3140.0,10
01:07:48,SP-FUTURE,BID,3140.0,273
01:07:48,ESX-FUTURE,ASK,3102.0,126
01:07:48,SP-FUTURE,ASK,3140.0,947
01:07:49,ESX-FUTURE,ASK,3103.0,1174
01:07:49,SP-FUTURE,BID,3141.0,852
01:07:50,ESX-FUTURE,BID,3102.0,157
01:07:51,ESX-FUTURE,BID,3102.0,327
01:07:51,SP-FUTURE,ASK,3141.0,1449
01:07:52,ESX-FUTURE,BID,3103.0,2213
01:07:52,ESX-FUTURE,ASK,3103.0,34
01:07:52,SP-FUTURE,ASK,3139.0,171
01:07:53,SP-FUTURE,ASK,3139.0,232
01:07:53,ESX-FUTURE,ASK,3103.0,2306
01:07:54,SP-FUTURE,BID,3141.0,4
01:07:55,ESX-FUTURE,BID,3103.0,75
01:07:56,SP-FUTURE,BID,3141.0,74
01:07:56,SP-FUTURE,BID,3141.0,122
01:07:57,ESX-FUTURE,BID,3103.0,1104
01:07:57,SP-FUTURE,BID,3141.0,1973
01:07:58,SP-FUTURE,BID,3141.0,10
01:07:58,ESX-FUTURE,ASK,3101.0,1351
01:07:59,ESX-FUTURE,BID,3101.0,33
01:08:00,SP-FUTURE,ASK,3142.0,340
01:08:01,ESX-FUTURE,ASK,3101.0,397
01:08:01,ESX-FUTURE,ASK,3101.0,632
01:08:01,SP-FUTURE,ASK,3142.0,1157
01:08:01,SP-FUTURE,ASK,3142.0,132
01:08:02,SP-FUTURE,BID,3142.0,203
01:08:02,ESX-FUTURE,BID,3101.0,118
01:08:03,SP-FUTURE,BID,3142.0,362
01:08:03,ESX-FUTURE,ASK,3101.0,23
01:08:04,ESX-FUTURE,BID,3101.0,156
01:08:04,SP-FUTURE,BID,3142.0,253
01:08:04,ESX-FUTURE,ASK,3101.0,1056
01:08:04,SP-FUTURE,BID,3142.0,4
01:08:05,ESX-FUTURE,BID,3101.0,206
01:08:06,SP-FUTURE,BID,3142.0,231
01:08:07,SP-FUTURE,BID,3142.0,224
01:08:08,ESX-FUTURE,ASK,3101.0,84
01:08:08,SP-FUTURE,BID,3142.0,263
01:08:08,ESX-FUTURE,BID,3101.0,179
01:08:10,SP-FUTURE,ASK,3142.0,56
01:08:10,ESX-FUTURE,ASK,3101.0,1204
01:08:10,SP-FUTURE,ASK,3143.0,1160
01:08:11,ESX-FUTURE,BID,3101.0,11
01:08:12,SP-FUTURE,ASK,3143.0,506
01:08:12,ESX-FUTURE,ASK,3101.0,32
01:08:13,ESX-FUTURE,ASK,3101.0,36
01:08:13,SP-FUTURE,BID,3142.0,113
01:08:14,ESX-FUTURE,BID,3101.0,202
01:08:15,SP-FUTURE,ASK,3142.0,20
01:08:15,ESX-FUTURE,ASK,3101.0,899
01:08:16,ESX-FUTURE,BID,3101.0,336
01:08:17,ESX-FUTURE,ASK,3101.0,1548
01:08:17,SP-FUTURE,ASK,3143.0,2320
01:08:18,ESX-FUTURE,BID,3104.0,78
01:08:18,SP-FUTURE,ASK,3143.0,990
01:08:19,ESX-FUTURE,BID,3105.0,239
01:08:19,SP-FUTURE,BID,3143.0,342
01:08:20,ESX-FUTURE,BID,3105.0,274
01:08:21,SP-FUTURE,ASK,3143.0,99
01:08:21,ESX-FUTURE,ASK,3105.0,1054
01:08:22,SP-FUTURE,ASK,3144.0,702
01:08:23,SP-FUTURE,BID,3143.0,255
01:08:23,ESX-FUTURE,BID,3105.0,40
01:08:23,SP-FUTURE,BID,3143.0,1427
01:08:24,ESX-FUTURE,BID,3104.0,2134
01:08:25,SP-FUTURE,ASK,3143.0,124
01:08:25,ESX-FUTURE,ASK,3104.0,670
01:08:26,ESX-FUTURE,BID,3104.0,15
01:08:27,SP-FUTURE,ASK,3144.0,541
01:08:27,ESX-FUTURE,ASK,3104.0,3
01:08:28,SP-FUTURE,ASK,3144.0,1201
01:08:28,ESX-FUTURE,BID,3104.0,1175
01:08:29,SP-FUTURE,BID,3143.0,96
01:08:29,ESX-FUTURE,ASK,3104.0,717
01:08:29,SP-FUTURE,BID,3144.0,290
01:08:29,SP-FUTURE,BID,3144.0,113
01:08:30,ESX-FUTURE,BID,3104.0,189
01:08:31,SP-FUTURE,BID,3143.0,1751
01:08:32,ESX-FUTURE,ASK,3104.0,3
01:08:32,SP-FUTURE,ASK,3144.0,179
01:08:33,ESX-FUTURE,ASK,3104.0,1316
01:08:34,SP-FUTURE,BID,3145.0,892
01:08:34,ESX-FUTURE,ASK,3104.0,612
01:08:35,ESX-FUTURE,BID,3103.0,340
01:08:35,ESX-FUTURE,BID,3103.0,260
01:08:36,SP-FUTURE,BID,3145.0,14
01:08:37,SP-FUTURE,BID,3145.0,35
01:08:37,ESX-FUTURE,BID,3103.0,115
01:08:38,SP-FUTURE,ASK,3145.0,39
01:08:39,ESX-FUTURE,BID,3103.0,86
01:08:39,SP-FUTURE,ASK,3145.0,51
01:08:39,SP-FUTURE,ASK,3145.0,48
01:08:40,ESX-FUTURE,BID,3103.0,160
01:08:40,SP-FUTURE,ASK,3145.0,136
01:08:41,ESX-FUTURE,ASK,3104.0,568
01:08:42,ESX-FUTURE,ASK,3104.0,1700
01:08:42,SP-FUTURE,ASK,3147.0,303
01:08:42,SP-FUTURE,BID,3146.0,330
01:08:42,ESX-FUTURE,ASK,3104.0,463
01:08:43,ESX-FUTURE,BID,3103.0,222
01:08:43,SP-FUTURE,BID,3146.0,198
01:08:44,SP-FUTURE,ASK,3147.0,1602
01:08:45,ESX-FUTURE,ASK,3105.0,887
01:08:45,SP-FUTURE,ASK,3147.0,392
01:08:45,SP-FUTURE,BID,3147.0,104
01:08:45,SP-FUTURE,ASK,3147.0,1272
01:08:46,SP-FUTURE,ASK,3147.0,114
01:08:46,ESX-FUTURE,BID,3106.0,961
01:08:47,ESX-FUTURE,ASK,3106.0,848
01:08:48,SP-FUTURE,BID,3146.0,349
01:08:48,ESX-FUTURE,ASK,3106.0,406
01:08:48,SP-FUTURE,BID,3147.0,15
01:08:49,SP-FUTURE,BID,3147.0,10
01:08:50,ESX-FUTURE,ASK,3106.0,1045
01:08:50,SP-FUTURE,ASK,3147.0,671
01:08:51,SP-FUTURE,BID,3147.0,190
01:08:51,ESX-FUTURE,BID,3106.0,421
01:08:52,SP-FUTURE,ASK,3147.0,111
01:08:53,ESX-FUTURE,ASK,3106.0,270
01:08:53,SP-FUTURE,BID,3147.0,325
01:08:53,ESX-FUTURE,ASK,3106.0,39
01:08:54,SP-FUTURE,ASK,3147.0,653
01:08:54,ESX-FUTURE,ASK,3106.0,185
01:08:54,SP-FUTURE,BID,3147.0,375
01:08:55,ESX-FUTURE,BID,3106.0,136
01:08:56,SP-FUTURE,BID,3147.0,871
01:08:57,ESX-FUTURE,ASK,3105.0,20
01:08:57,SP-FUTURE,ASK,3147.0,1697
01:08:57,ESX-FUTURE,ASK,3107.0,380
01:08:58,ESX-FUTURE,ASK,3107.0,102
01:08:58,SP-FUTURE,ASK,3147.0,1025
01:08:59,ESX-FUTURE,ASK,3108.0,2404
01:08:59,SP-FUTURE,ASK,3148.0,506
01:09:00,ESX-FUTURE,BID,3107.0,357
01:09:01,SP-FUTURE,ASK,3148.0,673
01:09:01,ESX-FUTURE,BID,3107.0,182
01:09:02,ESX-FUTURE,ASK,3108.0,7
01:09:02,ESX-FUTURE,ASK,3108.0,34
01:09:02,SP-FUTURE,ASK,3148.0,148
01:09:03,SP-FUTURE,ASK,3148.0,559
01:09:03,SP-FUTURE,BID,3148.0,25
01:09:04,ESX-FUTURE,BID,3108.0,1226
01:09:04,SP-FUTURE,BID,3147.0,195
01:09:05,ESX-FUTURE,ASK,3108.0,152
01:09:05,SP-FUTURE,BID,3147.0,708
01:09:05,SP-FUTURE,ASK,3147.0,107
01:09:05,ESX-FUTURE,BID,3107.0,1491
01:09:05,SP-FUTURE,ASK,3147.0,290
01:09:07,SP-FUTURE,BID,3147.0,1803
01:09:07,ESX-FUTURE,ASK,3106.0,250
01:09:08,SP-FUTURE,ASK,3147.0,18
01:09:08,ESX-FUTURE,BID,3106.0,869
01:09:09,SP-FUTURE,ASK,3147.0,222
01:09:09,ESX-FUTURE,ASK,3106.0,1101
01:09:10,SP-FUTURE,BID,3147.0,968
01:09:10,ESX-FUTURE,ASK,3106.0,239
01:09:11,ESX-FUTURE,ASK,3106.0,141
01:09:12,SP-FUTURE,BID,3147.0,682
01:09:12,ESX-FUTURE,BID,3105.0,1024
01:09:13,SP-FUTURE,BID,3147.0,842
01:09:13,SP-FUTURE,BID,3147.0,40
01:09:14,SP-FUTURE,BID,3147.0,401
01:09:14,ESX-FUTURE,ASK,3106.0,1200
01:09:14,ESX-FUTURE,BID,3105.0,595
01:09:15,ESX-FUTURE,BID,3105.0,61
01:09:15,SP-FUTURE,ASK,3148.0,562
01:09:16,ESX-FUTURE,ASK,3106.0,3
01:09:17,SP-FUTURE,ASK,3148.0,172
01:09:17,ESX-FUTURE,BID,3106.0,4
01:09:17,SP-FUTURE,ASK,3148.0,562
01:09:17,ESX-FUTURE,ASK,3106.0,272
01:09:18,ESX-FUTURE,BID,3106.0,1388
01:09:18,SP-FUTURE,ASK,3147.0,845
01:09:19,SP-FUTURE,ASK,3147.0,687
01:09:19,ESX-FUTURE,ASK,3107.0,234
01:09:19,ESX-FUTURE,ASK,3107.0,865
01:09:19,ESX-FUTURE,ASK,3107.0,177
01:09:19,ESX-FUTURE,BID,3107.0,853
01:09:20,SP-FUTURE,BID,3147.0,606
01:09:21,ESX-FUTURE,BID,3107.0,1
01:09:21,SP-FUTURE,ASK,3148.0,598
01:09:21,ESX-FUTURE,ASK,3107.0,8
01:09:22,SP-FUTURE,ASK,3148.0,422
01:09:22,ESX-FUTURE,ASK,3107.0,705
01:09:23,SP-FUTURE,BID,3148.0,326
01:09:23,ESX-FUTURE,ASK,3107.0,98
01:09:24,SP-FUTURE,BID,3148.0,811
01:09:24,ESX-FUTURE,BID,3106.0,374
01:09:25,SP-FUTURE,ASK,3148.0,1363
01:09:25,ESX-FUTURE,ASK,3107.0,159
01:09:25,SP-FUTURE,BID,3148.0,599
01:09:27,ESX-FUTURE,ASK,3107.0,327
01:09:27,SP-FUTURE,ASK,3148.0,3
01:09:27,ESX-FUTURE,BID,3107.0,431
01:09:28,SP-FUTURE,BID,3148.0,271
01:09:28,ESX-FUTURE,BID,3107.0,7
01:09:29,SP-FUTURE,ASK,3148.0,55
01:09:30,SP-FUTURE,ASK,3148.0,951
01:09:31,SP-FUTURE,ASK,3148.0,170
01:09:31,ESX-FUTURE,ASK,3108.0,579
01:09:31,ESX-FUTURE,BID,3108.0,5
01:09:32,SP-FUTURE,ASK,3148.0,456
01:09:32,ESX-FUTURE,BID,3108.0,542
01:09:32,SP-FUTURE,ASK,3148.0,493
01:09:33,ESX-FUTURE,ASK,3108.0,36
01:09:33,SP-FUTURE,ASK,3148.0,384
01:09:34,ESX-FUTURE,ASK,3108.0,300
01:09:34,SP-FUTURE,ASK,3148.0,436
01:09:34,SP-FUTURE,ASK,3148.0,470
01:09:35,ESX-FUTURE,BID,3108.0,50
01:09:35,ESX-FUTURE,BID,3108.0,32
01:09:36,SP-FUTURE,ASK,3148.0,318
01:09:37,ESX-FUTURE,BID,3109.0,75
01:09:38,SP-FUTURE,ASK,3148.0,490
01:09:38,ESX-FUTURE,ASK,3109.0,109
01:09:38,SP-FUTURE,ASK,3148.0,502
01:09:39,ESX-FUTURE,BID,3109.0,1159
01:09:40,SP-FUTURE,BID,3147.0,125
01:09:41,SP-FUTURE,ASK,3147.0,53
01:09:41,ESX-FUTURE,ASK,3109.0,422
01:09:41,SP-FUTURE,ASK,3148.0,95
01:09:42,ESX-FUTURE,ASK,3109.0,148
01:09:43,SP-FUTURE,BID,3147.0,1869
01:09:44,ESX-FUTURE,ASK,3107.0,533
01:09:45,SP-FUTURE,ASK,3148.0,174
01:09:46,ESX-FUTURE,BID,3107.0,14
01:09:46,SP-FUTURE,BID,3148.0,98
01:09:47,ESX-FUTURE,ASK,3107.0,2932
01:09:47,ESX-FUTURE,ASK,3107.0,480
01:09:47,SP-FUTURE,ASK,3152.0,636
01:09:48,SP-FUTURE,ASK,3152.0,241
01:09:48,ESX-FUTURE,BID,3107.0,1257
01:09:49,SP-FUTURE,BID,3152.0,837
01:09:50,ESX-FUTURE,BID,3106.0,765
01:09:50,SP-FUTURE,ASK,3152.0,133
01:09:52,SP-FUTURE,BID,3151.0,13
01:09:52,ESX-FUTURE,ASK,3107.0,209
01:09:52,SP-FUTURE,BID,3151.0,107
01:09:53,ESX-FUTURE,BID,3106.0,380
01:09:54,SP-FUTURE,BID,3151.0,39
01:09:54,SP-FUTURE,ASK,3152.0,1112
01:09:54,ESX-FUTURE,BID,3107.0,107
01:09:55,ESX-FUTURE,BID,3107.0,115
01:09:55,ESX-FUTURE,BID,3107.0,150
01:09:56,SP-FUTURE,ASK,3151.0,330
01:09:56,SP-FUTURE,ASK,3151.0,168
01:09:57,SP-FUTURE,BID,3151.0,833
01:09:57,ESX-FUTURE,ASK,3107.0,1380
01:09:58,SP-FUTURE,BID,3152.0,47
01:09:59,ESX-FUTURE,ASK,3107.0,162
01:10:00,SP-FUTURE,ASK,3152.0,2122
01:10:01,ESX-FUTURE,ASK,3107.0,513
01:10:01,SP-FUTURE,BID,3152.0,14
01:10:02,ESX-FUTURE,BID,3107.0,682
01:10:02,SP-FUTURE,BID,3152.0,356
01:10:03,ESX-FUTURE,ASK,3107.0,148
01:10:03,SP-FUTURE,ASK,3152.0,656
01:10:04,SP-FUTURE,ASK,3152.0,1328
01:10:04,ESX-FUTURE,BID,3108.0,1170
01:10:05,SP-FUTURE,ASK,3151.0,160
01:10:06,ESX-FUTURE,BID,3108.0,1175
01:10:07,SP-FUTURE,BID,3150.0,962
01:10:07,ESX-FUTURE,ASK,3108.0,975
01:10:07,ESX-FUTURE,ASK,3108.0,1455
01:10:08,SP-FUTURE,ASK,3151.0,1148
01:10:09,ESX-FUTURE,BID,3108.0,2570
01:10:09,SP-FUTURE,ASK,3147.0,223
01:10:09,SP-FUTURE,ASK,3147.0,873
01:10:10,SP-FUTURE,BID,3147.0,327
01:10:10,ESX-FUTURE,ASK,3109.0,29
01:10:11,SP-FUTURE,ASK,3147.0,329
01:10:11,SP-FUTURE,BID,3147.0,246
01:10:11,ESX-FUTURE,ASK,3109.0,599
01:10:13,SP-FUTURE,BID,3147.0,840
01:10:13,ESX-FUTURE,BID,3109.0,586
01:10:13,ESX-FUTURE,BID,3109.0,398
01:10:14,SP-FUTURE,BID,3147.0,794
01:10:14,ESX-FUTURE,BID,3108.0,57
01:10:14,SP-FUTURE,BID,3147.0,765
01:10:15,ESX-FUTURE,BID,3108.0,270
01:10:16,SP-FUTURE,ASK,3147.0,386
01:10:17,ESX-FUTURE,BID,3108.0,273
01:10:17,SP-FUTURE,ASK,3147.0,447
01:10:18,ESX-FUTURE,BID,3108.0,680
01:10:19,ESX-FUTURE,BID,3108.0,713
01:10:19,SP-FUTURE,BID,3146.0,112
01:10:20,ESX-FUTURE,BID,3108.0,335
01:10:20,SP-FUTURE,ASK,3146.0,296
01:10:20,SP-FUTURE,BID,3146.0,749
01:10:21,ESX-FUTURE,ASK,3108.0,318
01:10:21,SP-FUTURE,BID,3146.0,66
01:10:22,ESX-FUTURE,ASK,3108.0,1132
01:10:22,SP-FUTURE,ASK,3147.0,551
01:10:23,ESX-FUTURE,BID,3108.0,1135
01:10:25,SP-FUTURE,ASK,3146.0,105
01:10:25,ESX-FUTURE,BID,3108.0,391
01:10:26,SP-FUTURE,ASK,3146.0,3
01:10:26,ESX-FUTURE,BID,3108.0,154
01:10:27,ESX-FUTURE,BID,3108.0,569
01:10:27,SP-FUTURE,BID,3145.0,1731
01:10:28,ESX-FUTURE,BID,3107.0,65
01:10:29,SP-FUTURE,ASK,3146.0,218
01:10:30,ESX-FUTURE,BID,3107.0,886
01:10:30,ESX-FUTURE,ASK,3107.0,257
01:10:30,SP-FUTURE,ASK,3145.0,284
01:10:31,ESX-FUTURE,ASK,3108.0,474
01:10:32,SP-FUTURE,BID,3145.0,148
01:10:32,SP-FUTURE,BID,3145.0,800
01:10:33,ESX-FUTURE,BID,3107.0,18
01:10:33,SP-FUTURE,ASK,3145.0,9
01:10:34,ESX-FUTURE,BID,3107.0,356
01:10:35,SP-FUTURE,BID,3145.0,38
01:10:35,ESX-FUTURE,ASK,3108.0,1835
01:10:35,SP-FUTURE,ASK,3146.0,912
01:10:36,ESX-FUTURE,BID,3107.0,649
01:10:37,SP-FUTURE,BID,3145.0,1549
01:10:38,SP-FUTURE,BID,3145.0,240
01:10:38,ESX-FUTURE,ASK,3108.0,968
01:10:39,SP-FUTURE,ASK,3146.0,21
01:10:39,SP-FUTURE,ASK,3146.0,98
01:10:39,ESX-FUTURE,ASK,3108.0,232
01:10:40,ESX-FUTURE,ASK,3108.0,696
01:10:40,SP-FUTURE,ASK,3147.0,15
01:10:40,SP-FUTURE,ASK,3147.0,455
01:10:41,ESX-FUTURE,ASK,3108.0,1375
01:10:41,SP-FUTURE,ASK,3147.0,1287
01:10:42,ESX-FUTURE,ASK,3108.0,135
01:10:42,SP-FUTURE,BID,3147.0,350
01:10:43,ESX-FUTURE,BID,3107.0,1548
01:10:43,SP-FUTURE,ASK,3147.0,2440
01:10:44,ESX-FUTURE,ASK,3111.0,1695
01:10:44,SP-FUTURE,BID,3148.0,768
01:10:45,SP-FUTURE,BID,3148.0,412
01:10:45,ESX-FUTURE,BID,3110.0,650
01:10:45,ESX-FUTURE,ASK,3110.0,387
01:10:46,ESX-FUTURE,ASK,3110.0,35
01:10:46,SP-FUTURE,BID,3148.0,4
01:10:47,SP-FUTURE,ASK,3148.0,158
01:10:47,ESX-FUTURE,BID,3110.0,364
01:10:48,ESX-FUTURE,BID,3110.0,628
01:10:48,SP-FUTURE,BID,3147.0,281
01:10:48,ESX-FUTURE,BID,3110.0,443
01:10:49,SP-FUTURE,BID,3147.0,691
01:10:49,ESX-FUTURE,BID,3110.0,29
01:10:50,SP-FUTURE,BID,3147.0,1525
01:10:51,ESX-FUTURE,ASK,3110.0,889
01:10:52,SP-FUTURE,ASK,3148.0,2033
01:10:52,SP-FUTURE,ASK,3148.0,226
01:10:52,ESX-FUTURE,BID,3111.0,12
01:10:53,ESX-FUTURE,BID,3111.0,19
01:10:53,SP-FUTURE,ASK,3148.0,2009
01:10:54,SP-FUTURE,BID,3147.0,209
01:10:54,ESX-FUTURE,BID,3111.0,1778
01:10:55,SP-FUTURE,ASK,3147.0,80
01:10:55,ESX-FUTURE,BID,3112.0,174
01:10:56,SP-FUTURE,BID,3147.0,1153
01:10:56,ESX-FUTURE,BID,3111.0,348
01:10:57,SP-FUTURE,BID,3147.0,23
01:10:57,ESX-FUTURE,ASK,3111.0,425
01:10:58,SP-FUTURE,BID,3147.0,106
01:10:58,ESX-FUTURE,ASK,3111.0,1920
01:10:59,ESX-FUTURE,ASK,3111.0,2572
01:11:00,SP-FUTURE,BID,3151.0,1033
01:11:00,ESX-FUTURE,BID,3110.0,93
01:11:01,SP-FUTURE,BID,3151.0,1228
01:11:02,SP-FUTURE,BID,3151.0,42
01:11:02,ESX-FUTURE,BID,3109.0,731
01:11:03,SP-FUTURE,ASK,3151.0,56
01:11:03,SP-FUTURE,ASK,3151.0,72
01:11:04,ESX-FUTURE,BID,3109.0,571
01:11:04,SP-FUTURE,ASK,3151.0,1074
01:11:05,ESX-FUTURE,ASK,3109.0,621
01:11:05,SP-FUTURE,BID,3151.0,93
01:11:06,SP-FUTURE,BID,3151.0,738
01:11:07,ESX-FUTURE,BID,3109.0,276
01:11:08,SP-FUTURE,BID,3151.0,576
01:11:08,ESX-FUTURE,ASK,3109.0,149
01:11:08,SP-FUTURE,ASK,3151.0,892
01:11:09,ESX-FUTURE,BID,3109.0,513
01:11:10,SP-FUTURE,ASK,3151.0,1340
01:11:10,SP-FUTURE,ASK,3151.0,1599
01:11:10,ESX-FUTURE,BID,3110.0,86
01:11:10,SP-FUTURE,BID,3151.0,126
01:11:11,SP-FUTURE,BID,3151.0,77
01:11:11,SP-FUTURE,BID,3151.0,228
01:11:11,ESX-FUTURE,BID,3110.0,298
01:11:12,ESX-FUTURE,ASK,3110.0,25
01:11:13,SP-FUTURE,ASK,3151.0,493
01:11:14,SP-FUTURE,BID,3151.0,192
01:11:14,ESX-FUTURE,BID,3110.0,19
01:11:15,SP-FUTURE,ASK,3151.0,1754
01:11:15,ESX-FUTURE,BID,3111.0,1252
01:11:16,ESX-FUTURE,BID,3111.0,101
01:11:17,SP-FUTURE,ASK,3151.0,162
01:11:17,ESX-FUTURE,BID,3111.0,185
01:11:17,ESX-FUTURE,ASK,3111.0,183
01:11:18,SP-FUTURE,BID,3150.0,985
01:11:19,ESX-FUTURE,ASK,3111.0,577
01:11:19,ESX-FUTURE,BID,3111.0,658
01:11:20,SP-FUTURE,BID,3151.0,289
01:11:21,ESX-FUTURE,BID,3111.0,301
01:11:22,SP-FUTURE,BID,3150.0,10
01:11:22,ESX-FUTURE,ASK,3111.0,985
01:11:22,SP-FUTURE,ASK,3151.0,111
01:11:23,ESX-FUTURE,BID,3111.0,614
01:11:23,ESX-FUTURE,ASK,3111.0,935
01:11:24,SP-FUTURE,ASK,3151.0,503
01:11:24,ESX-FUTURE,ASK,3111.0,65
01:11:25,ESX-FUTURE,BID,3111.0,906
01:11:25,SP-FUTURE,ASK,3151.0,1944
01:11:26,ESX-FUTURE,BID,3113.0,1642
01:11:26,SP-FUTURE,BID,3150.0,113
01:11:27,ESX-FUTURE,ASK,3113.0,307
01:11:27,ESX-FUTURE,ASK,3113.0,666
01:11:28,ESX-FUTURE,ASK,3113.0,663
01:11:28,SP-FUTURE,BID,3151.0,1696
01:11:29,ESX-FUTURE,ASK,3112.0,65
01:11:30,SP-FUTURE,BID,3151.0,906
01:11:30,ESX-FUTURE,ASK,3112.0,188
01:11:31,SP-FUTURE,BID,3151.0,651
01:11:31,ESX-FUTURE,ASK,3112.0,441
01:11:32,SP-FUTURE,ASK,3151.0,1159
01:11:32,ESX-FUTURE,BID,3112.0,448
01:11:32,SP-FUTURE,ASK,3151.0,2686
01:11:33,SP-FUTURE,BID,3151.0,8
01:11:34,ESX-FUTURE,ASK,3116.0,89
01:11:34,SP-FUTURE,ASK,3151.0,2435
01:11:35,SP-FUTURE,ASK,3151.0,2093
01:11:35,SP-FUTURE,ASK,3151.0,164
01:11:35,ESX-FUTURE,ASK,3118.0,340
01:11:35,SP-FUTURE,ASK,3151.0,432
01:11:35,ESX-FUTURE,ASK,3119.0,897
01:11:36,SP-FUTURE,BID,3151.0,362
01:11:36,SP-FUTURE,BID,3151.0,342
01:11:36,ESX-FUTURE,ASK,3118.0,235
01:11:37,SP-FUTURE,ASK,3152.0,515
01:11:38,ESX-FUTURE,BID,3118.0,526
01:11:38,SP-FUTURE,ASK,3151.0,935
01:11:40,ESX-FUTURE,BID,3119.0,41
01:11:40,SP-FUTURE,BID,3151.0,1253
01:11:40,ESX-FUTURE,BID,3118.0,828
01:11:40,SP-FUTURE,ASK,3151.0,361
01:11:41,SP-FUTURE,ASK,3151.0,1137
01:11:42,SP-FUTURE,BID,3151.0,39
01:11:42,ESX-FUTURE,BID,3118.0,1100
01:11:42,ESX-FUTURE,ASK,3119.0,123
01:11:43,SP-FUTURE,BID,3150.0,677
01:11:43,SP-FUTURE,BID,3150.0,642
01:11:43,SP-FUTURE,BID,3150.0,1019
01:11:44,SP-FUTURE,ASK,3150.0,593
01:11:45,ESX-FUTURE,ASK,3118.0,309
01:11:45,ESX-FUTURE,BID,3118.0,85
01:11:46,SP-FUTURE,BID,3150.0,580
01:11:46,SP-FUTURE,BID,3150.0,494
01:11:47,SP-FUTURE,BID,3150.0,583
01:11:47,ESX-FUTURE,BID,3117.0,413
01:11:48,ESX-FUTURE,BID,3117.0,858
01:11:49,SP-FUTURE,ASK,3150.0,518
01:11:49,ESX-FUTURE,ASK,3118.0,9
01:11:51,SP-FUTURE,ASK,3150.0,754
01:11:52,ESX-FUTURE,BID,3118.0,2
01:11:52,ESX-FUTURE,ASK,3118.0,747
01:11:53,SP-FUTURE,BID,3150.0,133
01:11:53,ESX-FUTURE,ASK,3118.0,1028
01:11:53,ESX-FUTURE,BID,3118.0,552
01:11:54,ESX-FUTURE,ASK,3118.0,4
01:11:54,SP-FUTURE,ASK,3150.0,574
01:11:55,ESX-FUTURE,ASK,3118.0,51
01:11:56,ESX-FUTURE,BID,3118.0,536
01:11:56,SP-FUTURE,BID,3150.0,382
01:11:56,SP-FUTURE,ASK,3150.0,857
01:11:57,ESX-FUTURE,BID,3118.0,1
01:11:57,SP-FUTURE,ASK,3150.0,1413
01:11:58,SP-FUTURE,BID,3150.0,96
01:11:58,ESX-FUTURE,BID,3119.0,597
01:11:58,SP-FUTURE,BID,3149.0,455
01:11:59,ESX-FUTURE,BID,3119.0,117
01:11:59,SP-FUTURE,BID,3149.0,2267
01:12:00,ESX-FUTURE,BID,3117.0,990
01:12:01,SP-FUTURE,ASK,3150.0,194
01:12:01,ESX-FUTURE,ASK,3117.0,27
01:12:02,SP-FUTURE,ASK,3150.0,783
01:12:02,ESX-FUTURE,BID,3117.0,5
01:12:02,SP-FUTURE,ASK,3150.0,1470
01:12:03,SP-FUTURE,ASK,3150.0,1546
01:12:03,ESX-FUTURE,ASK,3119.0,188
01:12:04,ESX-FUTURE,BID,3119.0,1007
01:12:04,SP-FUTURE,BID,3149.0,1
01:12:05,SP-FUTURE,ASK,3149.0,519
01:12:06,ESX-FUTURE,BID,3119.0,1927
01:12:06,ESX-FUTURE,ASK,3120.0,529
01:12:06,SP-FUTURE,ASK,3147.0,149
01:12:07,SP-FUTURE,ASK,3147.0,31
01:12:07,ESX-FUTURE,BID,3119.0,237
01:12:08,SP-FUTURE,ASK,3147.0,524
01:12:09,ESX-FUTURE,BID,3120.0,234
01:12:09,ESX-FUTURE,ASK,3120.0,103
01:12:10,SP-FUTURE,ASK,3147.0,626
01:12:11,ESX-FUTURE,BID,3120.0,908
01:12:12,SP-FUTURE,BID,3146.0,1309
01:12:12,SP-FUTURE,ASK,3146.0,168
01:12:13,ESX-FUTURE,BID,3120.0,266
01:12:14,ESX-FUTURE,ASK,3120.0,390
01:12:14,SP-FUTURE,BID,3146.0,1883
01:12:15,ESX-FUTURE,BID,3118.0,3
01:12:16,SP-FUTURE,BID,3146.0,425
01:12:16,SP-FUTURE,ASK,3147.0,1752
01:12:17,ESX-FUTURE,ASK,3119.0,934
01:12:18,SP-FUTURE,ASK,3147.0,222
01:12:18,ESX-FUTURE,BID,3119.0,48
01:12:19,SP-FUTURE,BID,3146.0,548
01:12:19,ESX-FUTURE,BID,3118.0,1003
01:12:20,SP-FUTURE,BID,3146.0,1209
01:12:20,ESX-FUTURE,BID,3118.0,2208
01:12:21,SP-FUTURE,ASK,3146.0,355
01:12:21,ESX-FUTURE,BID,3118.0,1063
01:12:21,SP-FUTURE,BID,3145.0,931
01:12:23,SP-FUTURE,BID,3145.0,602
01:12:23,ESX-FUTURE,BID,3117.0,1134
01:12:24,SP-FUTURE,BID,3145.0,314
01:12:24,ESX-FUTURE,BID,3117.0,427
01:12:25,SP-FUTURE,BID,3145.0,227
01:12:25,SP-FUTURE,ASK,3145.0,97
01:12:26,SP-FUTURE,BID,3145.0,1293
01:12:26,ESX-FUTURE,ASK,3117.0,34
01:12:27,ESX-FUTURE,ASK,3117.0,54
01:12:28,SP-FUTURE,BID,3145.0,1389
01:12:29,SP-FUTURE,BID,3145.0,14
01:12:29,ESX-FUTURE,ASK,3117.0,772
01:12:30,ESX-FUTURE,BID,3117.0,455
01:12:30,ESX-FUTURE,ASK,3117.0,438
01:12:30,SP-FUTURE,ASK,3146.0,120
01:12:31,SP-FUTURE,BID,3145.0,936
01:12:31,ESX-FUTURE,BID,3116.0,93
01:12:33,SP-FUTURE,BID,3145.0,1406
01:12:33,SP-FUTURE,BID,3145.0,369
01:12:33,ESX-FUTURE,BID,3115.0,577
01:12:33,ESX-FUTURE,BID,3115.0,205
01:12:34,SP-FUTURE,BID,3145.0,201
01:12:34,ESX-FUTURE,ASK,3115.0,2254
01:12:35,ESX-FUTURE,BID,3115.0,30
01:12:35,ESX-FUTURE,BID,3115.0,694
01:12:36,SP-FUTURE,BID,3147.0,2459
01:12:36,ESX-FUTURE,ASK,3113.0,23
01:12:37,ESX-FUTURE,ASK,3113.0,235
01:12:38,SP-FUTURE,BID,3148.0,18
01:12:38,ESX-FUTURE,BID,3113.0,84
01:12:39,SP-FUTURE,BID,3148.0,234
01:12:40,ESX-FUTURE,BID,3113.0,93
01:12:40,ESX-FUTURE,BID,3113.0,116
01:12:40,SP-FUTURE,BID,3148.0,304
01:12:41,ESX-FUTURE,ASK,3113.0,1937
01:12:42,SP-FUTURE,BID,3148.0,194
01:12:43,ESX-FUTURE,ASK,3113.0,336
01:12:44,SP-FUTURE,BID,3148.0,722
01:12:44,ESX-FUTURE,ASK,3112.0,63
01:12:44,ESX-FUTURE,ASK,3112.0,152
01:12:45,SP-FUTURE,BID,3148.0,4
01:12:45,SP-FUTURE,BID,3148.0,18
01:12:45,ESX-FUTURE,ASK,3112.0,348
01:12:45,SP-FUTURE,BID,3148.0,12
01:12:47,SP-FUTURE,BID,3148.0,36
01:12:47,ESX-FUTURE,ASK,3112.0,662
01:12:48,SP-FUTURE,BID,3148.0,508
01:12:48,ESX-FUTURE,BID,3112.0,52
01:12:48,ESX-FUTURE,ASK,3112.0,420
01:12:49,SP-FUTURE,BID,3148.0,549
01:12:49,SP-FUTURE,BID,3148.0,777
01:12:50,ESX-FUTURE,BID,3111.0,1716
01:12:50,SP-FUTURE,ASK,3147.0,127
01:12:51,ESX-FUTURE,BID,3111.0,384
01:12:51,SP-FUTURE,BID,3147.0,664
01:12:52,ESX-FUTURE,BID,3111.0,433
01:12:53,SP-FUTURE,ASK,3147.0,353
01:12:54,ESX-FUTURE,ASK,3112.0,68
01:12:54,SP-FUTURE,BID,3147.0,932
01:12:55,ESX-FUTURE,ASK,3112.0,793
01:12:55,SP-FUTURE,ASK,3148.0,44
01:12:56,SP-FUTURE,ASK,3148.0,327
01:12:56,ESX-FUTURE,BID,3111.0,720
01:12:57,ESX-FUTURE,ASK,3112.0,162
01:12:58,SP-FUTURE,ASK,3148.0,637
01:12:59,ESX-FUTURE,ASK,3112.0,1318
01:12:59,SP-FUTURE,ASK,3148.0,27
01:12:59,ESX-FUTURE,BID,3112.0,228
01:13:00,SP-FUTURE,ASK,3148.0,21
01:13:01,ESX-FUTURE,BID,3112.0,213
01:13:02,ESX-FUTURE,ASK,3112.0,303
01:13:02,SP-FUTURE,BID,3148.0,415
01:13:03,ESX-FUTURE,ASK,3112.0,606
01:13:03,SP-FUTURE,BID,3148.0,336
01:13:03,ESX-FUTURE,BID,3112.0,12
01:13:04,SP-FUTURE,ASK,3148.0,347
01:13:04,ESX-FUTURE,BID,3112.0,535
01:13:05,SP-FUTURE,BID,3148.0,101
01:13:06,ESX-FUTURE,BID,3112.0,3
01:13:06,SP-FUTURE,ASK,3148.0,13
01:13:06,SP-FUTURE,ASK,3148.0,308
01:13:07,ESX-FUTURE,BID,3112.0,10
01:13:07,SP-FUTURE,BID,3148.0,1592
01:13:08,SP-FUTURE,BID,3148.0,1076
01:13:08,ESX-FUTURE,ASK,3111.0,1477
01:13:09,ESX-FUTURE,BID,3111.0,287
01:13:09,SP-FUTURE,BID,3148.0,68
01:13:09,ESX-FUTURE,BID,3111.0,86
01:13:10,SP-FUTURE,ASK,3149.0,2578
01:13:11,ESX-FUTURE,ASK,3112.0,692
01:13:11,SP-FUTURE,ASK,3149.0,202
01:13:12,SP-FUTURE,BID,3148.0,346
01:13:12,ESX-FUTURE,BID,3111.0,478
01:13:12,SP-FUTURE,BID,3148.0,908
01:13:13,ESX-FUTURE,BID,3111.0,328
01:13:13,SP-FUTURE,ASK,3148.0,311
01:13:14,ESX-FUTURE,ASK,3111.0,856
01:13:14,SP-FUTURE,ASK,3149.0,756
01:13:15,ESX-FUTURE,ASK,3112.0,405
01:13:15,SP-FUTURE,ASK,3149.0,7
01:13:17,ESX-FUTURE,BID,3111.0,297
01:13:17,SP-FUTURE,BID,3149.0,867
01:13:17,SP-FUTURE,BID,3149.0,460
01:13:18,ESX-FUTURE,BID,3111.0,1486
01:13:19,SP-FUTURE,ASK,3148.0,292
01:13:19,ESX-FUTURE,BID,3111.0,849
01:13:19,SP-FUTURE,BID,3148.0,957
01:13:20,ESX-FUTURE,BID,3111.0,2551
01:13:21,SP-FUTURE,ASK,3145.0,376
01:13:21,ESX-FUTURE,ASK,3111.0,298
01:13:22,SP-FUTURE,BID,3144.0,710
01:13:23,ESX-FUTURE,BID,3110.0,759
01:13:23,ESX-FUTURE,BID,3110.0,316
01:13:23,SP-FUTURE,ASK,3144.0,14
01:13:24,ESX-FUTURE,ASK,3111.0,1521
01:13:25,ESX-FUTURE,BID,3110.0,281
01:13:25,ESX-FUTURE,BID,3110.0,545
01:13:26,SP-FUTURE,ASK,3145.0,388
01:13:26,ESX-FUTURE,ASK,3111.0,11
01:13:26,SP-FUTURE,ASK,3145.0,1093
01:13:27,ESX-FUTURE,BID,3111.0,207
01:13:27,SP-FUTURE,BID,3144.0,761
01:13:28,ESX-FUTURE,BID,3111.0,135
01:13:29,SP-FUTURE,ASK,3145.0,67
01:13:29,ESX-FUTURE,BID,3111.0,290
01:13:30,SP-FUTURE,BID,3144.0,1668
01:13:31,ESX-FUTURE,BID,3109.0,18
01:13:31,SP-FUTURE,ASK,3144.0,46
01:13:32,SP-FUTURE,ASK,3144.0,977
01:13:32,ESX-FUTURE,ASK,3110.0,59
01:13:32,ESX-FUTURE,ASK,3110.0,791
01:13:33,SP-FUTURE,BID,3145.0,123
01:13:34,ESX-FUTURE,ASK,3110.0,1455
01:13:34,SP-FUTURE,BID,3145.0,1150
01:13:35,ESX-FUTURE,ASK,3109.0,146
01:13:36,SP-FUTURE,BID,3145.0,891
01:13:36,ESX-FUTURE,BID,3108.0,470
01:13:36,SP-FUTURE,BID,3145.0,293
01:13:37,ESX-FUTURE,BID,3108.0,991
01:13:37,SP-FUTURE,ASK,3145.0,351
01:13:38,ESX-FUTURE,ASK,3108.0,69
01:13:38,SP-FUTURE,ASK,3145.0,2105
01:13:38,ESX-FUTURE,ASK,3109.0,83
01:13:39,SP-FUTURE,ASK,3145.0,241
01:13:40,SP-FUTURE,BID,3145.0,8
01:13:40,ESX-FUTURE,BID,3109.0,137
01:13:41,ESX-FUTURE,ASK,3109.0,811
01:13:42,SP-FUTURE,BID,3146.0,155
01:13:42,SP-FUTURE,ASK,3146.0,51
01:13:42,ESX-FUTURE,BID,3109.0,147
01:13:43,SP-FUTURE,ASK,3146.0,231
01:13:44,SP-FUTURE,BID,3146.0,235
01:13:44,ESX-FUTURE,BID,3109.0,544
01:13:45,SP-FUTURE,ASK,3146.0,371
01:13:45,ESX-FUTURE,ASK,3109.0,258
01:13:45,ESX-FUTURE,BID,3109.0,23
01:13:45,SP-FUTURE,ASK,3146.0,192
01:13:45,SP-FUTURE,BID,3145.0,339
01:13:46,ESX-FUTURE,ASK,3109.0,365
01:13:47,SP-FUTURE,ASK,3146.0,345
01:13:47,SP-FUTURE,ASK,3146.0,1412
01:13:48,ESX-FUTURE,ASK,3110.0,671
01:13:48,SP-FUTURE,ASK,3146.0,757
01:13:49,ESX-FUTURE,ASK,3110.0,129
01:13:49,ESX-FUTURE,BID,3110.0,894
01:13:49,SP-FUTURE,ASK,3145.0,143
01:13:50,SP-FUTURE,BID,3145.0,113
01:13:51,ESX-FUTURE,ASK,3110.0,96
01:13:51,SP-FUTURE,BID,3145.0,1051
01:13:51,SP-FUTURE,ASK,3145.0,13
01:13:52,ESX-FUTURE,BID,3110.0,792
01:13:52,SP-FUTURE,BID,3145.0,9
01:13:53,SP-FUTURE,ASK,3145.0,422
01:13:53,ESX-FUTURE,BID,3110.0,206
01:13:54,ESX-FUTURE,ASK,3110.0,26
01:13:54,SP-FUTURE,BID,3145.0,293
01:13:54,ESX-FUTURE,ASK,3110.0,596
01:13:55,SP-FUTURE,BID,3145.0,1126
01:13:56,ESX-FUTURE,ASK,3110.0,622
01:13:56,SP-FUTURE,BID,3146.0,469
01:13:57,ESX-FUTURE,ASK,3110.0,370
01:13:57,ESX-FUTURE,BID,3109.0,13
01:13:58,SP-FUTURE,ASK,3146.0,70
01:13:59,SP-FUTURE,ASK,3146.0,629
01:13:59,ESX-FUTURE,BID,3110.0,5
01:14:00,SP-FUTURE,ASK,3146.0,366
01:14:00,ESX-FUTURE,BID,3110.0,708
01:14:01,SP-FUTURE,ASK,3146.0,42
01:14:01,ESX-FUTURE,BID,3110.0,27
01:14:02,SP-FUTURE,ASK,3146.0,42
01:14:03,ESX-FUTURE,ASK,3110.0,160
01:14:03,SP-FUTURE,ASK,3146.0,223
01:14:04,SP-FUTURE,BID,3146.0,75
01:14:05,ESX-FUTURE,BID,3110.0,599
01:14:05,SP-FUTURE,ASK,3146.0,61
01:14:06,ESX-FUTURE,BID,3110.0,228
01:14:06,ESX-FUTURE,ASK,3110.0,414
01:14:07,SP-FUTURE,BID,3146.0,650
01:14:07,SP-FUTURE,BID,3146.0,363
01:14:07,ESX-FUTURE,BID,3109.0,1457
01:14:08,SP-FUTURE,BID,3144.0,522
01:14:09,ESX-FUTURE,BID,3109.0,597
01:14:09,SP-FUTURE,ASK,3144.0,162
